Genero_Usuario,Edad_Usuario,Placa,Alquiler_Id,Fecha_Retiro,Hora_Retiro,Fecha_Arribo,Hora_Arribo
M,0,A682723,125,2018-01-01,13:00:00,2018-01-03,13:00:00
M,0,A363134,441,2018-01-01,01:00:00,2018-01-06,01:00:00
M,0,A428122,171,2018-01-02,08:00:00,2018-01-09,08:00:00
M,0,A824547,381,2018-01-02,23:00:00,2018-01-03,23:00:00
M,0,A142682,1058,2018-01-02,16:00:00,2018-01-06,16:00:00
M,0,A785449,309,2018-01-03,15:00:00,2018-01-09,15:00:00
M,0,A213903,611,2018-01-03,23:00:00,2018-01-05,23:00:00
M,0,A230835,837,2018-01-03,11:00:00,2018-01-05,11:00:00
M,0,A353778,869,2018-01-03,05:00:00,2018-01-05,05:00:00
M,0,A640105,943,2018-01-03,00:00:00,2018-01-07,00:00:00
M,0,A049050,1038,2018-01-03,00:00:00,2018-01-05,00:00:00
M,0,A353778,129,2018-01-04,22:00:00,2018-01-08,22:00:00
M,0,A549253,1054,2018-01-04,02:00:00,2018-01-11,02:00:00
M,0,A142682,1129,2018-01-04,02:00:00,2018-01-09,02:00:00
M,0,A776877,180,2018-01-05,18:00:00,2018-01-10,18:00:00
M,0,A119158,855,2018-01-05,15:00:00,2018-01-08,15:00:00
M,0,A554305,48,2018-01-06,01:00:00,2018-01-12,01:00:00
M,0,A096920,480,2018-01-06,07:00:00,2018-01-12,07:00:00
M,0,A869227,1011,2018-01-06,14:00:00,2018-01-07,14:00:00
M,0,A810826,1063,2018-01-06,16:00:00,2018-01-13,16:00:00
M,0,A067976,1246,2018-01-06,00:00:00,2018-01-13,00:00:00
M,0,A435000,110,2018-01-07,07:00:00,2018-01-08,07:00:00
M,0,A554305,709,2018-01-07,14:00:00,2018-01-14,14:00:00
M,0,A960446,188,2018-01-08,00:00:00,2018-01-11,00:00:00
M,0,A761858,310,2018-01-09,08:00:00,2018-01-13,08:00:00
M,0,A172734,149,2018-01-10,02:00:00,2018-01-16,02:00:00
M,0,A369011,715,2018-01-10,23:00:00,2018-01-16,23:00:00
M,0,A539800,1015,2018-01-10,00:00:00,2018-01-12,00:00:00
M,0,A704547,219,2018-01-11,05:00:00,2018-01-15,05:00:00
M,0,A640105,650,2018-01-11,05:00:00,2018-01-15,05:00:00
M,0,A174852,218,2018-01-12,11:00:00,2018-01-18,11:00:00
M,0,A261642,273,2018-01-12,02:00:00,2018-01-14,02:00:00
M,0,A037030,645,2018-01-12,12:00:00,2018-01-13,12:00:00
M,0,A062058,90,2018-01-13,10:00:00,2018-01-17,10:00:00
M,0,A833208,8,2018-01-14,15:00:00,2018-01-21,15:00:00
M,0,A554305,934,2018-01-14,19:00:00,2018-01-18,19:00:00
M,0,A199141,1002,2018-01-14,12:00:00,2018-01-21,12:00:00
M,0,A614816,15,2018-01-15,04:00:00,2018-01-16,04:00:00
M,0,A037030,1255,2018-01-15,01:00:00,2018-01-21,01:00:00
M,0,A247561,95,2018-01-16,03:00:00,2018-01-19,03:00:00
M,0,A369011,884,2018-01-16,23:00:00,2018-01-20,23:00:00
M,0,A876635,1028,2018-01-16,21:00:00,2018-01-21,21:00:00
M,0,A052831,1209,2018-01-16,06:00:00,2018-01-22,06:00:00
M,0,A640105,989,2018-01-17,22:00:00,2018-01-24,22:00:00
M,0,A684658,1066,2018-01-17,06:00:00,2018-01-20,06:00:00
M,0,A369011,57,2018-01-18,10:00:00,2018-01-19,10:00:00
M,0,A667671,85,2018-01-19,14:00:00,2018-01-21,14:00:00
M,0,A353778,781,2018-01-19,10:00:00,2018-01-21,10:00:00
M,0,A667671,937,2018-01-19,02:00:00,2018-01-24,02:00:00
M,0,A364608,1274,2018-01-19,11:00:00,2018-01-26,11:00:00
M,0,A275989,810,2018-01-20,19:00:00,2018-01-26,19:00:00
M,22,A785449,1198,2018-01-20,16:00:00,2018-01-26,16:00:00
M,0,A539800,92,2018-01-21,22:00:00,2018-01-22,22:00:00
M,0,A285837,345,2018-01-21,19:00:00,2018-01-26,19:00:00
M,0,A869227,395,2018-01-21,00:00:00,2018-01-27,00:00:00
M,0,A037030,502,2018-01-22,21:00:00,2018-01-29,21:00:00
M,0,A487775,1163,2018-01-22,09:00:00,2018-01-27,09:00:00
M,0,A067976,56,2018-01-23,15:00:00,2018-01-25,15:00:00
M,0,A554305,1253,2018-01-23,21:00:00,2018-01-26,21:00:00
M,0,A353778,1201,2018-01-24,16:00:00,2018-01-28,16:00:00
M,0,A667671,349,2018-01-25,19:00:00,2018-01-28,19:00:00
M,0,A348831,491,2018-01-25,03:00:00,2018-01-27,03:00:00
M,0,A785449,572,2018-01-25,20:00:00,2018-01-31,20:00:00
M,0,A275989,805,2018-01-25,02:00:00,2018-01-27,02:00:00
M,0,A363134,346,2018-01-26,11:00:00,2018-02-02,11:00:00
M,0,A049050,745,2018-01-26,00:00:00,2018-01-29,00:00:00
M,0,A344771,850,2018-01-26,15:00:00,2018-02-02,15:00:00
M,0,A261831,241,2018-01-27,19:00:00,2018-02-03,19:00:00
M,0,A643130,796,2018-01-27,23:00:00,2018-02-01,23:00:00
M,0,A369011,182,2018-01-28,05:00:00,2018-02-03,05:00:00
M,0,A174852,299,2018-01-28,01:00:00,2018-02-04,01:00:00
M,0,A539800,343,2018-01-28,07:00:00,2018-01-30,07:00:00
M,0,A275989,407,2018-01-29,04:00:00,2018-02-02,04:00:00
M,0,A199141,1152,2018-01-30,03:00:00,2018-02-04,03:00:00
M,0,A261831,332,2018-02-01,04:00:00,2018-02-08,04:00:00
M,0,A978995,364,2018-02-01,14:00:00,2018-02-02,14:00:00
M,0,A803966,559,2018-02-02,19:00:00,2018-02-06,19:00:00
M,0,A247561,915,2018-02-02,11:00:00,2018-02-03,11:00:00
M,0,A878814,1111,2018-02-02,15:00:00,2018-02-03,15:00:00
M,0,A348831,112,2018-02-03,03:00:00,2018-02-04,03:00:00
M,0,A261831,178,2018-02-03,15:00:00,2018-02-07,15:00:00
M,0,A261642,519,2018-02-03,00:00:00,2018-02-09,00:00:00
M,0,A803966,669,2018-02-03,13:00:00,2018-02-09,13:00:00
M,0,A776877,1012,2018-02-03,04:00:00,2018-02-09,04:00:00
M,0,A364608,107,2018-02-04,04:00:00,2018-02-09,04:00:00
M,0,A833208,118,2018-02-04,16:00:00,2018-02-07,16:00:00
M,0,A172802,284,2018-02-04,13:00:00,2018-02-05,13:00:00
M,0,A364608,200,2018-02-05,22:00:00,2018-02-09,22:00:00
M,0,A480288,637,2018-02-05,06:00:00,2018-02-09,06:00:00
M,0,A096920,191,2018-02-06,00:00:00,2018-02-13,00:00:00
M,0,A803966,447,2018-02-06,00:00:00,2018-02-10,00:00:00
M,0,A661180,588,2018-02-06,14:00:00,2018-02-08,14:00:00
M,0,A802665,742,2018-02-06,05:00:00,2018-02-09,05:00:00
M,0,A364608,81,2018-02-07,12:00:00,2018-02-12,12:00:00
M,0,A818580,173,2018-02-07,03:00:00,2018-02-13,03:00:00
M,0,A785449,612,2018-02-07,15:00:00,2018-02-12,15:00:00
M,0,A414331,1184,2018-02-07,09:00:00,2018-02-12,09:00:00
M,0,A435000,1269,2018-02-07,18:00:00,2018-02-14,18:00:00
M,0,A876635,235,2018-02-08,07:00:00,2018-02-14,07:00:00
M,0,A142682,153,2018-02-09,09:00:00,2018-02-12,09:00:00
M,0,A461572,520,2018-02-09,15:00:00,2018-02-12,15:00:00
M,0,A878814,1040,2018-02-09,20:00:00,2018-02-15,20:00:00
M,0,A353778,506,2018-02-11,09:00:00,2018-02-13,09:00:00
M,0,A810826,801,2018-02-11,00:00:00,2018-02-14,00:00:00
M,0,A093625,436,2018-02-12,17:00:00,2018-02-16,17:00:00
M,0,A704547,607,2018-02-12,08:00:00,2018-02-19,08:00:00
M,0,A369011,1256,2018-02-12,05:00:00,2018-02-13,05:00:00
M,0,A062058,589,2018-02-13,20:00:00,2018-02-19,20:00:00
M,0,A761858,711,2018-02-13,12:00:00,2018-02-20,12:00:00
M,0,A363134,734,2018-02-13,19:00:00,2018-02-17,19:00:00
M,0,A062058,920,2018-02-13,01:00:00,2018-02-19,01:00:00
M,0,A364608,1026,2018-02-13,00:00:00,2018-02-18,00:00:00
M,0,A810826,1172,2018-02-13,01:00:00,2018-02-16,01:00:00
M,0,A679179,1150,2018-02-14,22:00:00,2018-02-15,22:00:00
M,0,A679179,119,2018-02-15,15:00:00,2018-02-22,15:00:00
M,0,A801425,245,2018-02-15,19:00:00,2018-02-21,19:00:00
M,0,A878814,141,2018-02-16,11:00:00,2018-02-18,11:00:00
M,0,A549253,328,2018-02-16,17:00:00,2018-02-22,17:00:00
M,0,A137101,390,2018-02-16,01:00:00,2018-02-17,01:00:00
M,0,A428122,636,2018-02-16,19:00:00,2018-02-22,19:00:00
M,0,A428122,760,2018-02-16,23:00:00,2018-02-19,23:00:00
M,0,A818580,780,2018-02-16,00:00:00,2018-02-18,00:00:00
M,0,A285837,121,2018-02-17,16:00:00,2018-02-22,16:00:00
M,0,A487775,293,2018-02-17,00:00:00,2018-02-18,00:00:00
M,0,A785449,691,2018-02-17,10:00:00,2018-02-22,10:00:00
M,0,A803966,1171,2018-02-17,00:00:00,2018-02-19,00:00:00
M,0,A801425,629,2018-02-18,14:00:00,2018-02-20,14:00:00
M,0,A141554,1173,2018-02-18,07:00:00,2018-02-23,07:00:00
M,0,A641981,296,2018-02-19,00:00:00,2018-02-20,00:00:00
M,0,A369011,1229,2018-02-19,14:00:00,2018-02-20,14:00:00
M,0,A261831,239,2018-02-20,01:00:00,2018-02-24,01:00:00
M,0,A682723,371,2018-02-20,01:00:00,2018-02-27,01:00:00
M,0,A348831,418,2018-02-20,15:00:00,2018-02-25,15:00:00
M,0,A876635,671,2018-02-20,07:00:00,2018-02-23,07:00:00
M,0,A082120,166,2018-02-21,04:00:00,2018-02-22,04:00:00
M,0,A062058,262,2018-02-21,12:00:00,2018-02-23,12:00:00
M,0,A960446,269,2018-02-21,15:00:00,2018-02-27,15:00:00
M,0,A804091,591,2018-02-21,20:00:00,2018-02-25,20:00:00
M,0,A480288,602,2018-02-22,00:00:00,2018-02-23,00:00:00
M,0,A348831,822,2018-02-22,06:00:00,2018-02-26,06:00:00
M,0,A682723,1131,2018-02-22,07:00:00,2018-02-23,07:00:00
M,0,A261831,1,2018-02-23,21:00:00,2018-02-25,21:00:00
M,0,A428122,350,2018-02-23,00:00:00,2018-02-26,00:00:00
M,0,A062058,505,2018-02-23,21:00:00,2018-02-28,21:00:00
M,0,A261831,661,2018-02-23,09:00:00,2018-02-25,09:00:00
M,0,A369011,980,2018-02-23,06:00:00,2018-02-24,06:00:00
M,0,A803966,1023,2018-02-23,17:00:00,2018-02-28,17:00:00
M,22,A093625,1157,2018-02-24,07:00:00,2018-02-25,07:00:00
M,0,A285837,1079,2018-02-25,20:00:00,2018-03-02,20:00:00
M,0,A369011,7,2018-02-26,10:00:00,2018-03-01,10:00:00
M,0,A389746,128,2018-02-27,17:00:00,2018-03-06,17:00:00
M,0,A554305,1084,2018-02-27,00:00:00,2018-03-02,00:00:00
M,0,A141554,1273,2018-02-27,16:00:00,2018-03-03,16:00:00
M,0,A833208,609,2018-02-28,10:00:00,2018-03-01,10:00:00
M,0,A824547,64,2018-03-01,10:00:00,2018-03-02,10:00:00
M,0,A454930,248,2018-03-01,08:00:00,2018-03-07,08:00:00
M,0,A174852,696,2018-03-01,01:00:00,2018-03-04,01:00:00
M,0,A004770,694,2018-03-02,09:00:00,2018-03-05,09:00:00
M,0,A613419,783,2018-03-02,00:00:00,2018-03-05,00:00:00
M,0,A142682,445,2018-03-03,12:00:00,2018-03-06,12:00:00
M,0,A554305,851,2018-03-03,16:00:00,2018-03-07,16:00:00
M,0,A487775,871,2018-03-03,00:00:00,2018-03-09,00:00:00
M,0,A981189,1030,2018-03-04,15:00:00,2018-03-07,15:00:00
M,0,A261831,1243,2018-03-04,00:00:00,2018-03-09,00:00:00
M,0,A414331,1249,2018-03-04,21:00:00,2018-03-09,21:00:00
M,0,A804091,75,2018-03-06,17:00:00,2018-03-13,17:00:00
M,0,A803966,1101,2018-03-06,02:00:00,2018-03-08,02:00:00
M,0,A096920,1257,2018-03-06,21:00:00,2018-03-10,21:00:00
M,0,A172734,741,2018-03-07,05:00:00,2018-03-09,05:00:00
M,0,A428122,995,2018-03-07,21:00:00,2018-03-13,21:00:00
M,0,A876635,1014,2018-03-07,14:00:00,2018-03-10,14:00:00
M,0,A082120,1180,2018-03-08,07:00:00,2018-03-11,07:00:00
M,0,A261642,1192,2018-03-08,17:00:00,2018-03-09,17:00:00
M,0,A199141,320,2018-03-09,12:00:00,2018-03-16,12:00:00
M,0,A802665,666,2018-03-09,20:00:00,2018-03-16,20:00:00
M,0,A369011,1059,2018-03-09,15:00:00,2018-03-12,15:00:00
M,0,A067976,1120,2018-03-09,18:00:00,2018-03-12,18:00:00
M,0,A067976,50,2018-03-10,12:00:00,2018-03-14,12:00:00
M,0,A285837,631,2018-03-10,21:00:00,2018-03-14,21:00:00
M,0,A428122,978,2018-03-10,22:00:00,2018-03-13,22:00:00
M,0,A981189,577,2018-03-11,22:00:00,2018-03-17,22:00:00
M,0,A230835,834,2018-03-11,06:00:00,2018-03-15,06:00:00
M,0,A037030,2,2018-03-12,10:00:00,2018-03-18,10:00:00
M,0,A004770,292,2018-03-12,23:00:00,2018-03-15,23:00:00
M,0,A414331,1004,2018-03-12,21:00:00,2018-03-14,21:00:00
M,0,A067976,463,2018-03-13,15:00:00,2018-03-20,15:00:00
M,0,A454930,926,2018-03-13,09:00:00,2018-03-18,09:00:00
M,0,A285837,581,2018-03-14,20:00:00,2018-03-15,20:00:00
M,0,A141554,739,2018-03-14,22:00:00,2018-03-21,22:00:00
M,0,A141554,821,2018-03-14,07:00:00,2018-03-17,07:00:00
M,0,A389746,962,2018-03-14,05:00:00,2018-03-17,05:00:00
M,0,A067976,187,2018-03-15,20:00:00,2018-03-21,20:00:00
M,0,A801425,601,2018-03-15,08:00:00,2018-03-16,08:00:00
M,0,A776877,1148,2018-03-15,07:00:00,2018-03-22,07:00:00
M,0,A761858,1259,2018-03-15,19:00:00,2018-03-16,19:00:00
M,0,A801425,147,2018-03-16,07:00:00,2018-03-17,07:00:00
M,0,A062058,425,2018-03-16,18:00:00,2018-03-22,18:00:00
M,0,A247561,981,2018-03-16,15:00:00,2018-03-17,15:00:00
M,0,A414331,250,2018-03-17,00:00:00,2018-03-22,00:00:00
M,0,A679179,825,2018-03-17,12:00:00,2018-03-22,12:00:00
M,0,A363134,1134,2018-03-17,16:00:00,2018-03-21,16:00:00
M,0,A661180,623,2018-03-18,00:00:00,2018-03-20,00:00:00
M,0,A103196,1078,2018-03-18,04:00:00,2018-03-22,04:00:00
M,0,A801425,728,2018-03-19,22:00:00,2018-03-24,22:00:00
M,0,A393383,1228,2018-03-19,19:00:00,2018-03-26,19:00:00
M,0,A810826,398,2018-03-21,22:00:00,2018-03-22,22:00:00
M,0,A414331,553,2018-03-21,03:00:00,2018-03-27,03:00:00
M,0,A810826,220,2018-03-22,10:00:00,2018-03-24,10:00:00
M,0,A230835,992,2018-03-22,07:00:00,2018-03-23,07:00:00
M,0,A096920,1050,2018-03-22,11:00:00,2018-03-28,11:00:00
M,0,A062058,35,2018-03-23,07:00:00,2018-03-28,07:00:00
M,0,A661180,628,2018-03-23,02:00:00,2018-03-28,02:00:00
M,0,A554305,1114,2018-03-23,04:00:00,2018-03-29,04:00:00
M,0,A389746,247,2018-03-24,08:00:00,2018-03-26,08:00:00
M,0,A172802,329,2018-03-24,09:00:00,2018-03-29,09:00:00
M,0,A704547,938,2018-03-24,21:00:00,2018-03-27,21:00:00
M,0,A096920,1222,2018-03-25,05:00:00,2018-03-31,05:00:00
M,0,A435000,78,2018-03-26,20:00:00,2018-04-01,20:00:00
M,0,A802665,713,2018-03-26,16:00:00,2018-03-27,16:00:00
M,0,A785449,828,2018-03-26,02:00:00,2018-04-01,02:00:00
M,0,A878814,1003,2018-03-26,05:00:00,2018-04-02,05:00:00
M,0,A539800,1102,2018-03-26,16:00:00,2018-04-01,16:00:00
M,0,A802665,969,2018-03-27,20:00:00,2018-03-28,20:00:00
M,0,A776877,1069,2018-03-27,23:00:00,2018-03-30,23:00:00
M,0,A704547,246,2018-03-28,01:00:00,2018-04-03,01:00:00
M,0,A818580,73,2018-03-29,20:00:00,2018-03-31,20:00:00
M,0,A134831,13,2018-03-30,17:00:00,2018-04-02,17:00:00
M,0,A501133,103,2018-03-31,12:00:00,2018-04-04,12:00:00
M,0,A275989,132,2018-03-31,00:00:00,2018-04-03,00:00:00
M,0,A344771,817,2018-03-31,13:00:00,2018-04-06,13:00:00
M,0,A501133,1208,2018-04-02,14:00:00,2018-04-06,14:00:00
M,0,A428122,807,2018-04-03,02:00:00,2018-04-10,02:00:00
M,0,A364608,335,2018-04-04,10:00:00,2018-04-11,10:00:00
M,0,A641981,481,2018-04-04,13:00:00,2018-04-07,13:00:00
M,0,A103196,533,2018-04-04,09:00:00,2018-04-10,09:00:00
M,0,A960446,3,2018-04-05,14:00:00,2018-04-07,14:00:00
M,0,A137101,140,2018-04-05,19:00:00,2018-04-09,19:00:00
M,0,A810826,457,2018-04-05,23:00:00,2018-04-08,23:00:00
M,0,A348831,595,2018-04-05,22:00:00,2018-04-11,22:00:00
M,0,A103196,840,2018-04-05,14:00:00,2018-04-10,14:00:00
M,0,A981189,98,2018-04-06,11:00:00,2018-04-08,11:00:00
M,0,A348831,794,2018-04-06,19:00:00,2018-04-10,19:00:00
M,0,A004770,254,2018-04-07,22:00:00,2018-04-11,22:00:00
M,0,A142682,333,2018-04-07,15:00:00,2018-04-09,15:00:00
M,0,A414331,1248,2018-04-07,12:00:00,2018-04-12,12:00:00
M,0,A457187,204,2018-04-08,23:00:00,2018-04-15,23:00:00
M,0,A487775,875,2018-04-08,13:00:00,2018-04-12,13:00:00
M,0,A776877,935,2018-04-08,20:00:00,2018-04-11,20:00:00
M,0,A199141,974,2018-04-08,15:00:00,2018-04-15,15:00:00
M,0,A119158,979,2018-04-08,20:00:00,2018-04-15,20:00:00
M,0,A457187,397,2018-04-09,19:00:00,2018-04-12,19:00:00
M,0,A082120,698,2018-04-10,12:00:00,2018-04-13,12:00:00
M,0,A414331,959,2018-04-10,05:00:00,2018-04-11,05:00:00
M,22,A487775,161,2018-04-11,17:00:00,2018-04-13,17:00:00
M,0,A454930,900,2018-04-11,23:00:00,2018-04-13,23:00:00
M,0,A613419,49,2018-04-12,16:00:00,2018-04-16,16:00:00
M,0,A137101,264,2018-04-12,02:00:00,2018-04-17,02:00:00
M,0,A679179,300,2018-04-12,15:00:00,2018-04-13,15:00:00
M,22,A480288,1005,2018-04-12,17:00:00,2018-04-15,17:00:00
M,0,A142682,52,2018-04-13,08:00:00,2018-04-16,08:00:00
M,0,A213903,427,2018-04-13,22:00:00,2018-04-15,22:00:00
M,0,A285837,768,2018-04-13,00:00:00,2018-04-15,00:00:00
M,0,A096920,1025,2018-04-13,06:00:00,2018-04-17,06:00:00
M,0,A684658,212,2018-04-14,00:00:00,2018-04-17,00:00:00
M,0,A704547,486,2018-04-14,04:00:00,2018-04-17,04:00:00
M,0,A613419,877,2018-04-15,02:00:00,2018-04-21,02:00:00
M,0,A049050,919,2018-04-15,00:00:00,2018-04-22,00:00:00
M,0,A247561,1035,2018-04-15,00:00:00,2018-04-16,00:00:00
M,0,A119158,249,2018-04-16,20:00:00,2018-04-21,20:00:00
M,0,A661180,557,2018-04-16,09:00:00,2018-04-22,09:00:00
M,0,A119158,1000,2018-04-16,00:00:00,2018-04-19,00:00:00
M,0,A641981,159,2018-04-17,23:00:00,2018-04-21,23:00:00
M,0,A802665,315,2018-04-17,03:00:00,2018-04-24,03:00:00
M,0,A457187,406,2018-04-17,18:00:00,2018-04-21,18:00:00
M,0,A414331,561,2018-04-17,16:00:00,2018-04-23,16:00:00
M,0,A414331,793,2018-04-17,03:00:00,2018-04-20,03:00:00
M,0,A981189,1203,2018-04-17,13:00:00,2018-04-18,13:00:00
M,0,A213903,743,2018-04-18,01:00:00,2018-04-21,01:00:00
M,0,A339402,703,2018-04-19,01:00:00,2018-04-22,01:00:00
M,0,A052831,1034,2018-04-19,18:00:00,2018-04-24,18:00:00
M,0,A549253,434,2018-04-20,16:00:00,2018-04-21,16:00:00
M,0,A256189,539,2018-04-20,22:00:00,2018-04-21,22:00:00
M,0,A785449,841,2018-04-20,06:00:00,2018-04-24,06:00:00
M,0,A141554,1083,2018-04-20,19:00:00,2018-04-21,19:00:00
M,0,A037030,55,2018-04-21,21:00:00,2018-04-27,21:00:00
M,0,A549253,687,2018-04-21,11:00:00,2018-04-23,11:00:00
M,0,A049050,1227,2018-04-21,14:00:00,2018-04-23,14:00:00
M,0,A428122,613,2018-04-23,20:00:00,2018-04-28,20:00:00
M,0,A684658,179,2018-04-24,17:00:00,2018-05-01,17:00:00
M,0,A369011,421,2018-04-24,02:00:00,2018-04-26,02:00:00
M,0,A353778,620,2018-04-24,14:00:00,2018-04-28,14:00:00
M,0,A804091,684,2018-04-24,13:00:00,2018-04-25,13:00:00
M,0,A761858,913,2018-04-25,21:00:00,2018-05-01,21:00:00
M,0,A785449,1266,2018-04-25,01:00:00,2018-04-28,01:00:00
M,0,A250216,1270,2018-04-25,23:00:00,2018-04-28,23:00:00
M,0,A141554,326,2018-04-26,09:00:00,2018-04-27,09:00:00
M,0,A978995,729,2018-04-26,16:00:00,2018-05-03,16:00:00
M,0,A679179,831,2018-04-26,18:00:00,2018-05-03,18:00:00
M,0,A389746,47,2018-04-27,22:00:00,2018-04-28,22:00:00
M,0,A457187,472,2018-04-28,16:00:00,2018-05-03,16:00:00
M,0,A876635,664,2018-04-28,16:00:00,2018-05-04,16:00:00
M,0,A230835,686,2018-04-28,18:00:00,2018-05-01,18:00:00
M,0,A363134,308,2018-04-29,03:00:00,2018-05-04,03:00:00
M,0,A803966,660,2018-04-29,21:00:00,2018-05-02,21:00:00
M,0,A261642,901,2018-04-29,19:00:00,2018-05-04,19:00:00
M,0,A679179,26,2018-05-01,22:00:00,2018-05-06,22:00:00
M,0,A250216,567,2018-05-01,20:00:00,2018-05-03,20:00:00
M,0,A172734,718,2018-05-01,16:00:00,2018-05-02,16:00:00
M,0,A461572,1007,2018-05-02,06:00:00,2018-05-03,06:00:00
M,0,A614816,681,2018-05-04,07:00:00,2018-05-09,07:00:00
M,0,A704547,730,2018-05-04,17:00:00,2018-05-08,17:00:00
M,0,A256189,347,2018-05-05,16:00:00,2018-05-12,16:00:00
M,0,A363134,1164,2018-05-05,13:00:00,2018-05-08,13:00:00
M,0,A457187,136,2018-05-06,15:00:00,2018-05-09,15:00:00
M,0,A004770,849,2018-05-06,21:00:00,2018-05-13,21:00:00
M,0,A142682,921,2018-05-06,15:00:00,2018-05-12,15:00:00
M,0,A250216,185,2018-05-07,15:00:00,2018-05-11,15:00:00
M,0,A037030,358,2018-05-08,00:00:00,2018-05-12,00:00:00
M,0,A339402,531,2018-05-08,10:00:00,2018-05-09,10:00:00
M,0,A960446,646,2018-05-08,00:00:00,2018-05-15,00:00:00
M,0,A174852,202,2018-05-09,05:00:00,2018-05-15,05:00:00
M,0,A353778,415,2018-05-09,23:00:00,2018-05-11,23:00:00
M,0,A480288,538,2018-05-09,04:00:00,2018-05-15,04:00:00
M,0,A640105,1097,2018-05-09,10:00:00,2018-05-12,10:00:00
M,0,A049050,1110,2018-05-09,22:00:00,2018-05-11,22:00:00
M,0,A103196,1133,2018-05-09,06:00:00,2018-05-15,06:00:00
M,0,A667671,941,2018-05-10,17:00:00,2018-05-15,17:00:00
M,0,A103196,386,2018-05-11,03:00:00,2018-05-15,03:00:00
M,0,A142682,656,2018-05-12,00:00:00,2018-05-14,00:00:00
M,0,A554305,657,2018-05-12,05:00:00,2018-05-15,05:00:00
M,0,A230835,111,2018-05-14,12:00:00,2018-05-20,12:00:00
M,0,A389746,499,2018-05-15,12:00:00,2018-05-19,12:00:00
M,0,A667671,598,2018-05-15,06:00:00,2018-05-17,06:00:00
M,0,A250216,644,2018-05-16,04:00:00,2018-05-21,04:00:00
M,0,A348831,633,2018-05-17,20:00:00,2018-05-18,20:00:00
M,0,A137101,823,2018-05-18,11:00:00,2018-05-23,11:00:00
M,0,A661180,1118,2018-05-18,00:00:00,2018-05-19,00:00:00
M,0,A134831,1244,2018-05-18,02:00:00,2018-05-23,02:00:00
M,0,A776877,59,2018-05-19,12:00:00,2018-05-22,12:00:00
M,0,A684658,683,2018-05-19,00:00:00,2018-05-26,00:00:00
M,0,A062058,1143,2018-05-19,14:00:00,2018-05-21,14:00:00
M,0,A803966,158,2018-05-20,00:00:00,2018-05-23,00:00:00
M,0,A761858,469,2018-05-20,11:00:00,2018-05-27,11:00:00
M,0,A119158,453,2018-05-21,22:00:00,2018-05-25,22:00:00
M,0,A643130,876,2018-05-21,02:00:00,2018-05-23,02:00:00
M,0,A801425,142,2018-05-22,21:00:00,2018-05-25,21:00:00
M,0,A247561,301,2018-05-22,09:00:00,2018-05-25,09:00:00
M,0,A878814,379,2018-05-22,10:00:00,2018-05-24,10:00:00
M,0,A801425,405,2018-05-22,09:00:00,2018-05-27,09:00:00
M,0,A487775,879,2018-05-22,03:00:00,2018-05-29,03:00:00
M,0,A062058,720,2018-05-23,22:00:00,2018-05-30,22:00:00
M,0,A613419,58,2018-05-24,21:00:00,2018-05-27,21:00:00
M,0,A369011,72,2018-05-24,22:00:00,2018-05-27,22:00:00
M,0,A661180,155,2018-05-24,01:00:00,2018-05-30,01:00:00
M,0,A776877,923,2018-05-24,21:00:00,2018-05-30,21:00:00
M,0,A172734,789,2018-05-25,15:00:00,2018-05-26,15:00:00
M,0,A776877,872,2018-05-29,15:00:00,2018-06-02,15:00:00
M,0,A137101,1048,2018-05-30,06:00:00,2018-06-02,06:00:00
M,0,A978995,474,2018-05-31,17:00:00,2018-06-02,17:00:00
M,0,A141554,772,2018-05-31,01:00:00,2018-06-05,01:00:00
M,0,A037030,792,2018-05-31,14:00:00,2018-06-04,14:00:00
M,0,A037030,526,2018-06-01,18:00:00,2018-06-03,18:00:00
M,0,A802665,761,2018-06-01,02:00:00,2018-06-03,02:00:00
M,0,A487775,835,2018-06-02,09:00:00,2018-06-04,09:00:00
M,0,A174852,1013,2018-06-02,17:00:00,2018-06-04,17:00:00
M,0,A339402,186,2018-06-03,00:00:00,2018-06-06,00:00:00
M,0,A096920,706,2018-06-03,05:00:00,2018-06-05,05:00:00
M,0,A501133,210,2018-06-04,16:00:00,2018-06-09,16:00:00
M,0,A093625,290,2018-06-06,10:00:00,2018-06-07,10:00:00
M,0,A261642,467,2018-06-06,20:00:00,2018-06-09,20:00:00
M,0,A804091,496,2018-06-06,00:00:00,2018-06-13,00:00:00
M,0,A833208,322,2018-06-07,18:00:00,2018-06-14,18:00:00
M,0,A876635,430,2018-06-07,03:00:00,2018-06-08,03:00:00
M,0,A213903,1138,2018-06-07,10:00:00,2018-06-11,10:00:00
M,0,A093625,1139,2018-06-07,22:00:00,2018-06-13,22:00:00
M,0,A682723,384,2018-06-09,12:00:00,2018-06-11,12:00:00
M,0,A802665,540,2018-06-09,07:00:00,2018-06-16,07:00:00
M,0,A344771,558,2018-06-09,10:00:00,2018-06-15,10:00:00
M,0,A134831,1190,2018-06-10,02:00:00,2018-06-16,02:00:00
M,0,A096920,306,2018-06-11,20:00:00,2018-06-14,20:00:00
M,0,A682723,648,2018-06-11,15:00:00,2018-06-12,15:00:00
M,0,A761858,1182,2018-06-11,05:00:00,2018-06-18,05:00:00
M,0,A640105,393,2018-06-12,09:00:00,2018-06-14,09:00:00
M,0,A435000,726,2018-06-12,20:00:00,2018-06-19,20:00:00
M,0,A285837,489,2018-06-13,15:00:00,2018-06-20,15:00:00
M,0,A353778,903,2018-06-14,00:00:00,2018-06-21,00:00:00
M,0,A261642,100,2018-06-15,16:00:00,2018-06-17,16:00:00
M,0,A174852,593,2018-06-15,01:00:00,2018-06-18,01:00:00
M,0,A776877,1195,2018-06-15,22:00:00,2018-06-22,22:00:00
M,0,A679179,91,2018-06-16,03:00:00,2018-06-23,03:00:00
M,0,A802665,808,2018-06-16,02:00:00,2018-06-18,02:00:00
M,0,A869227,1020,2018-06-16,22:00:00,2018-06-23,22:00:00
M,0,A275989,887,2018-06-17,22:00:00,2018-06-20,22:00:00
M,0,A480288,853,2018-06-18,02:00:00,2018-06-25,02:00:00
M,0,A093625,1221,2018-06-18,05:00:00,2018-06-24,05:00:00
M,0,A804091,6,2018-06-19,00:00:00,2018-06-24,00:00:00
M,0,A393383,735,2018-06-19,02:00:00,2018-06-20,02:00:00
M,22,A275989,1085,2018-06-19,07:00:00,2018-06-20,07:00:00
M,0,A428122,888,2018-06-20,23:00:00,2018-06-22,23:00:00
M,0,A824547,1147,2018-06-20,19:00:00,2018-06-26,19:00:00
M,0,A801425,1226,2018-06-20,02:00:00,2018-06-26,02:00:00
M,0,A082120,716,2018-06-21,19:00:00,2018-06-28,19:00:00
M,0,A981189,1032,2018-06-21,04:00:00,2018-06-24,04:00:00
M,0,A978995,93,2018-06-22,08:00:00,2018-06-28,08:00:00
M,0,A454930,339,2018-06-22,11:00:00,2018-06-28,11:00:00
M,0,A339402,744,2018-06-22,04:00:00,2018-06-29,04:00:00
M,0,A457187,891,2018-06-22,21:00:00,2018-06-26,21:00:00
M,0,A353778,1124,2018-06-22,07:00:00,2018-06-23,07:00:00
M,0,A667671,1205,2018-06-22,06:00:00,2018-06-26,06:00:00
M,0,A393383,610,2018-06-23,23:00:00,2018-06-26,23:00:00
M,0,A103196,619,2018-06-23,18:00:00,2018-06-24,18:00:00
M,0,A549253,860,2018-06-23,21:00:00,2018-06-27,21:00:00
M,0,A643130,922,2018-06-23,22:00:00,2018-06-25,22:00:00
M,0,A414331,765,2018-06-24,18:00:00,2018-06-28,18:00:00
M,0,A261831,40,2018-06-25,16:00:00,2018-06-26,16:00:00
M,0,A230835,662,2018-06-25,07:00:00,2018-06-29,07:00:00
M,0,A667671,130,2018-06-26,09:00:00,2018-06-29,09:00:00
M,0,A435000,525,2018-06-26,17:00:00,2018-07-01,17:00:00
M,0,A004770,932,2018-06-27,12:00:00,2018-06-28,12:00:00
M,0,A261831,1278,2018-06-27,16:00:00,2018-07-01,16:00:00
M,0,A818580,1153,2018-06-28,06:00:00,2018-07-05,06:00:00
M,0,A501133,738,2018-06-29,21:00:00,2018-07-02,21:00:00
M,0,A103196,755,2018-06-29,07:00:00,2018-07-02,07:00:00
M,0,A704547,555,2018-06-30,08:00:00,2018-07-02,08:00:00
M,0,A172802,727,2018-06-30,19:00:00,2018-07-03,19:00:00
M,0,A261831,1250,2018-06-30,03:00:00,2018-07-06,03:00:00
M,0,A461572,409,2018-07-01,12:00:00,2018-07-04,12:00:00
M,0,A134831,446,2018-07-01,12:00:00,2018-07-04,12:00:00
M,0,A275989,460,2018-07-01,13:00:00,2018-07-02,13:00:00
M,0,A250216,528,2018-07-01,13:00:00,2018-07-05,13:00:00
M,0,A801425,380,2018-07-02,04:00:00,2018-07-07,04:00:00
M,0,A802665,554,2018-07-02,07:00:00,2018-07-09,07:00:00
M,0,A353778,965,2018-07-02,18:00:00,2018-07-08,18:00:00
M,0,A457187,177,2018-07-05,06:00:00,2018-07-10,06:00:00
M,0,A093625,575,2018-07-05,16:00:00,2018-07-12,16:00:00
M,0,A199141,22,2018-07-06,14:00:00,2018-07-11,14:00:00
M,0,A684658,675,2018-07-06,19:00:00,2018-07-12,19:00:00
M,0,A141554,33,2018-07-07,13:00:00,2018-07-13,13:00:00
M,0,A093625,413,2018-07-07,14:00:00,2018-07-10,14:00:00
M,0,A869227,444,2018-07-08,04:00:00,2018-07-14,04:00:00
M,0,A096920,756,2018-07-08,00:00:00,2018-07-11,00:00:00
M,0,A275989,1196,2018-07-09,21:00:00,2018-07-13,21:00:00
M,0,A344771,1283,2018-07-09,09:00:00,2018-07-12,09:00:00
M,0,A776877,1119,2018-07-10,02:00:00,2018-07-13,02:00:00
M,0,A199141,1220,2018-07-10,16:00:00,2018-07-11,16:00:00
M,0,A878814,282,2018-07-11,16:00:00,2018-07-18,16:00:00
M,0,A818580,340,2018-07-11,13:00:00,2018-07-13,13:00:00
M,0,A643130,410,2018-07-11,05:00:00,2018-07-13,05:00:00
M,0,A174852,542,2018-07-11,02:00:00,2018-07-17,02:00:00
M,0,A614816,916,2018-07-11,22:00:00,2018-07-15,22:00:00
M,0,A613419,1065,2018-07-11,12:00:00,2018-07-14,12:00:00
M,0,A833208,1174,2018-07-11,00:00:00,2018-07-15,00:00:00
M,0,A501133,824,2018-07-12,09:00:00,2018-07-14,09:00:00
M,0,A679179,189,2018-07-13,21:00:00,2018-07-17,21:00:00
M,0,A261642,862,2018-07-13,00:00:00,2018-07-17,00:00:00
M,0,A684658,905,2018-07-13,11:00:00,2018-07-16,11:00:00
M,0,A643130,151,2018-07-15,12:00:00,2018-07-17,12:00:00
M,0,A684658,535,2018-07-15,01:00:00,2018-07-19,01:00:00
M,0,A810826,897,2018-07-15,00:00:00,2018-07-18,00:00:00
M,0,A802665,957,2018-07-15,10:00:00,2018-07-16,10:00:00
M,0,A878814,990,2018-07-15,23:00:00,2018-07-17,23:00:00
M,0,A810826,1099,2018-07-15,09:00:00,2018-07-17,09:00:00
M,0,A876635,41,2018-07-16,02:00:00,2018-07-20,02:00:00
M,0,A435000,355,2018-07-16,20:00:00,2018-07-17,20:00:00
M,0,A824547,576,2018-07-16,17:00:00,2018-07-19,17:00:00
M,0,A661180,786,2018-07-16,19:00:00,2018-07-22,19:00:00
M,0,A199141,105,2018-07-18,16:00:00,2018-07-19,16:00:00
M,0,A539800,432,2018-07-18,12:00:00,2018-07-23,12:00:00
M,0,A339402,1126,2018-07-18,15:00:00,2018-07-22,15:00:00
M,0,A261642,1183,2018-07-18,03:00:00,2018-07-22,03:00:00
M,0,A230835,515,2018-07-19,02:00:00,2018-07-22,02:00:00
M,0,A199141,673,2018-07-19,00:00:00,2018-07-26,00:00:00
M,0,A230835,1041,2018-07-19,03:00:00,2018-07-25,03:00:00
M,0,A082120,1242,2018-07-19,20:00:00,2018-07-24,20:00:00
M,0,A824547,331,2018-07-20,01:00:00,2018-07-21,01:00:00
M,0,A457187,411,2018-07-20,00:00:00,2018-07-21,00:00:00
M,0,A818580,604,2018-07-20,03:00:00,2018-07-21,03:00:00
M,0,A804091,1036,2018-07-20,16:00:00,2018-07-21,16:00:00
M,0,A802665,1286,2018-07-20,03:00:00,2018-07-25,03:00:00
M,0,A049050,387,2018-07-21,14:00:00,2018-07-26,14:00:00
M,0,A641981,279,2018-07-22,22:00:00,2018-07-29,22:00:00
M,0,A285837,503,2018-07-22,08:00:00,2018-07-26,08:00:00
M,0,A093625,1037,2018-07-22,07:00:00,2018-07-27,07:00:00
M,0,A174852,9,2018-07-23,01:00:00,2018-07-28,01:00:00
M,0,A256189,27,2018-07-23,23:00:00,2018-07-25,23:00:00
M,0,A549253,973,2018-07-23,11:00:00,2018-07-27,11:00:00
M,0,A876635,668,2018-07-24,20:00:00,2018-07-29,20:00:00
M,0,A250216,868,2018-07-24,06:00:00,2018-07-25,06:00:00
M,0,A487775,1149,2018-07-24,21:00:00,2018-07-26,21:00:00
M,0,A174852,365,2018-07-25,01:00:00,2018-07-27,01:00:00
M,0,A247561,641,2018-07-25,20:00:00,2018-07-31,20:00:00
M,0,A004770,749,2018-07-26,03:00:00,2018-07-27,03:00:00
M,0,A213903,1027,2018-07-26,02:00:00,2018-07-29,02:00:00
M,0,A761858,1096,2018-07-26,17:00:00,2018-08-02,17:00:00
M,0,A661180,99,2018-07-27,23:00:00,2018-08-02,23:00:00
M,0,A435000,714,2018-07-27,12:00:00,2018-07-30,12:00:00
M,0,A103196,987,2018-07-27,02:00:00,2018-07-31,02:00:00
M,0,A613419,1057,2018-07-27,23:00:00,2018-07-28,23:00:00
M,0,A067976,1122,2018-07-27,21:00:00,2018-07-30,21:00:00
M,0,A213903,70,2018-07-28,10:00:00,2018-07-31,10:00:00
M,0,A174852,366,2018-07-28,07:00:00,2018-08-04,07:00:00
M,0,A614816,536,2018-07-28,02:00:00,2018-07-30,02:00:00
M,22,A339402,1061,2018-07-28,12:00:00,2018-08-01,12:00:00
M,0,A960446,551,2018-07-29,21:00:00,2018-07-30,21:00:00
M,0,A344771,961,2018-07-29,20:00:00,2018-07-31,20:00:00
M,0,A501133,616,2018-07-30,14:00:00,2018-07-31,14:00:00
M,0,A389746,813,2018-07-30,22:00:00,2018-08-05,22:00:00
M,0,A833208,1008,2018-07-30,22:00:00,2018-08-01,22:00:00
M,0,A487775,17,2018-08-01,13:00:00,2018-08-02,13:00:00
M,0,A785449,509,2018-08-01,11:00:00,2018-08-05,11:00:00
M,0,A539800,537,2018-08-01,17:00:00,2018-08-02,17:00:00
M,0,A096920,951,2018-08-01,16:00:00,2018-08-07,16:00:00
M,0,A457187,1254,2018-08-01,00:00:00,2018-08-08,00:00:00
M,0,A082120,1260,2018-08-01,16:00:00,2018-08-08,16:00:00
M,0,A141554,352,2018-08-02,04:00:00,2018-08-09,04:00:00
M,0,A250216,356,2018-08-02,21:00:00,2018-08-07,21:00:00
M,0,A364608,967,2018-08-02,09:00:00,2018-08-04,09:00:00
M,0,A435000,998,2018-08-02,03:00:00,2018-08-09,03:00:00
M,0,A037030,1113,2018-08-02,09:00:00,2018-08-08,09:00:00
M,0,A802665,275,2018-08-03,03:00:00,2018-08-06,03:00:00
M,0,A641981,336,2018-08-03,09:00:00,2018-08-05,09:00:00
M,0,A487775,466,2018-08-03,04:00:00,2018-08-10,04:00:00
M,0,A487775,976,2018-08-03,18:00:00,2018-08-10,18:00:00
M,0,A549253,304,2018-08-04,00:00:00,2018-08-09,00:00:00
M,0,A172734,766,2018-08-04,10:00:00,2018-08-10,10:00:00
M,0,A679179,1017,2018-08-04,13:00:00,2018-08-10,13:00:00
M,0,A172802,747,2018-08-05,14:00:00,2018-08-09,14:00:00
M,0,A818580,1140,2018-08-05,01:00:00,2018-08-08,01:00:00
M,0,A613419,759,2018-08-06,23:00:00,2018-08-13,23:00:00
M,0,A960446,1105,2018-08-06,14:00:00,2018-08-13,14:00:00
M,0,A172734,787,2018-08-07,03:00:00,2018-08-12,03:00:00
M,0,A667671,1176,2018-08-07,02:00:00,2018-08-12,02:00:00
M,0,A174852,252,2018-08-08,01:00:00,2018-08-11,01:00:00
M,0,A640105,267,2018-08-08,10:00:00,2018-08-11,10:00:00
M,0,A364608,399,2018-08-08,20:00:00,2018-08-10,20:00:00
M,0,A250216,854,2018-08-08,22:00:00,2018-08-09,22:00:00
M,22,A824547,958,2018-08-08,08:00:00,2018-08-13,08:00:00
M,0,A103196,1095,2018-08-08,14:00:00,2018-08-15,14:00:00
M,0,A761858,1161,2018-08-08,06:00:00,2018-08-13,06:00:00
M,0,A661180,1284,2018-08-08,06:00:00,2018-08-15,06:00:00
M,0,A369011,479,2018-08-09,04:00:00,2018-08-10,04:00:00
M,0,A199141,806,2018-08-09,19:00:00,2018-08-13,19:00:00
M,0,A801425,836,2018-08-09,02:00:00,2018-08-12,02:00:00
M,0,A461572,842,2018-08-09,21:00:00,2018-08-12,21:00:00
M,0,A480288,947,2018-08-09,21:00:00,2018-08-10,21:00:00
M,0,A339402,1089,2018-08-09,00:00:00,2018-08-10,00:00:00
M,0,A364608,449,2018-08-10,14:00:00,2018-08-17,14:00:00
M,0,A501133,1277,2018-08-10,16:00:00,2018-08-11,16:00:00
M,0,A435000,116,2018-08-11,13:00:00,2018-08-17,13:00:00
M,0,A344771,361,2018-08-11,21:00:00,2018-08-18,21:00:00
M,0,A549253,647,2018-08-11,13:00:00,2018-08-16,13:00:00
M,0,A869227,351,2018-08-13,03:00:00,2018-08-16,03:00:00
M,0,A869227,717,2018-08-13,18:00:00,2018-08-14,18:00:00
M,0,A261642,843,2018-08-13,08:00:00,2018-08-15,08:00:00
M,0,A393383,911,2018-08-13,08:00:00,2018-08-20,08:00:00
M,0,A833208,1167,2018-08-13,09:00:00,2018-08-14,09:00:00
M,0,A802665,1210,2018-08-13,08:00:00,2018-08-19,08:00:00
M,0,A960446,892,2018-08-14,02:00:00,2018-08-18,02:00:00
M,0,A539800,372,2018-08-15,01:00:00,2018-08-21,01:00:00
M,0,A067976,518,2018-08-15,02:00:00,2018-08-17,02:00:00
M,0,A230835,429,2018-08-16,17:00:00,2018-08-21,17:00:00
M,0,A049050,462,2018-08-16,00:00:00,2018-08-21,00:00:00
M,0,A487775,373,2018-08-17,15:00:00,2018-08-19,15:00:00
M,0,A172802,523,2018-08-17,22:00:00,2018-08-19,22:00:00
M,0,A801425,665,2018-08-18,03:00:00,2018-08-23,03:00:00
M,0,A250216,895,2018-08-18,11:00:00,2018-08-23,11:00:00
M,0,A640105,625,2018-08-19,00:00:00,2018-08-22,00:00:00
M,0,A199141,1186,2018-08-19,23:00:00,2018-08-26,23:00:00
M,0,A096920,585,2018-08-20,05:00:00,2018-08-21,05:00:00
M,0,A869227,1042,2018-08-20,18:00:00,2018-08-26,18:00:00
M,0,A285837,126,2018-08-22,20:00:00,2018-08-24,20:00:00
M,0,A348831,1001,2018-08-22,04:00:00,2018-08-26,04:00:00
M,0,A037030,23,2018-08-23,03:00:00,2018-08-26,03:00:00
M,0,A353778,317,2018-08-23,14:00:00,2018-08-29,14:00:00
M,0,A004770,524,2018-08-23,12:00:00,2018-08-30,12:00:00
M,0,A344771,565,2018-08-23,07:00:00,2018-08-24,07:00:00
M,0,A869227,1044,2018-08-23,00:00:00,2018-08-27,00:00:00
M,0,A869227,1200,2018-08-23,13:00:00,2018-08-27,13:00:00
M,0,A960446,833,2018-08-24,23:00:00,2018-08-27,23:00:00
M,0,A172802,1175,2018-08-24,15:00:00,2018-08-30,15:00:00
M,0,A428122,1127,2018-08-24,01:00:00,2018-08-31,01:00:00
M,0,A461572,1267,2018-08-24,00:00:00,2018-08-27,00:00:00
M,22,A363134,259,2018-08-25,18:00:00,2018-08-30,18:00:00
M,0,A487775,452,2018-08-25,17:00:00,2018-08-28,17:00:00
M,0,A096920,286,2018-08-26,05:00:00,2018-08-29,05:00:00
M,0,A247561,569,2018-08-26,04:00:00,2018-09-01,04:00:00
M,0,A549253,1128,2018-08-27,23:00:00,2018-08-29,23:00:00
M,0,A256189,18,2018-08-28,08:00:00,2018-08-30,08:00:00
M,0,A480288,455,2018-08-28,07:00:00,2018-08-30,07:00:00
M,0,A614816,582,2018-08-28,04:00:00,2018-09-03,04:00:00
M,0,A981189,109,2018-08-29,06:00:00,2018-09-05,06:00:00
M,0,A761858,117,2018-08-29,19:00:00,2018-09-03,19:00:00
M,0,A761858,170,2018-08-29,22:00:00,2018-08-30,22:00:00
M,0,A878814,643,2018-08-29,02:00:00,2018-09-04,02:00:00
M,0,A480288,770,2018-08-29,10:00:00,2018-09-05,10:00:00
M,0,A818580,777,2018-08-29,02:00:00,2018-09-05,02:00:00
M,0,A643130,30,2018-08-31,17:00:00,2018-09-05,17:00:00
M,0,A348831,971,2018-08-31,07:00:00,2018-09-03,07:00:00
M,0,A661180,1068,2018-08-31,19:00:00,2018-09-06,19:00:00
M,0,A389746,1178,2018-08-31,05:00:00,2018-09-07,05:00:00
M,0,A641981,1252,2018-08-31,09:00:00,2018-09-07,09:00:00
M,0,A004770,133,2018-09-01,15:00:00,2018-09-05,15:00:00
M,0,A801425,1047,2018-09-01,01:00:00,2018-09-04,01:00:00
M,0,A172734,1224,2018-09-01,00:00:00,2018-09-06,00:00:00
M,0,A869227,654,2018-09-02,11:00:00,2018-09-04,11:00:00
M,0,A785449,861,2018-09-02,18:00:00,2018-09-08,18:00:00
M,0,A803966,477,2018-09-03,15:00:00,2018-09-10,15:00:00
M,0,A119158,508,2018-09-03,23:00:00,2018-09-10,23:00:00
M,0,A082120,583,2018-09-03,22:00:00,2018-09-10,22:00:00
M,0,A103196,682,2018-09-03,23:00:00,2018-09-08,23:00:00
M,0,A549253,795,2018-09-03,13:00:00,2018-09-07,13:00:00
M,0,A876635,946,2018-09-03,02:00:00,2018-09-06,02:00:00
M,0,A487775,953,2018-09-03,14:00:00,2018-09-06,14:00:00
M,0,A082120,325,2018-09-04,15:00:00,2018-09-09,15:00:00
M,0,A684658,811,2018-09-04,11:00:00,2018-09-09,11:00:00
M,0,A103196,763,2018-09-05,11:00:00,2018-09-12,11:00:00
M,0,A878814,461,2018-09-06,09:00:00,2018-09-08,09:00:00
M,0,A364608,1241,2018-09-06,02:00:00,2018-09-08,02:00:00
M,0,A454930,243,2018-09-07,07:00:00,2018-09-10,07:00:00
M,0,A761858,228,2018-09-08,12:00:00,2018-09-12,12:00:00
M,0,A981189,369,2018-09-09,22:00:00,2018-09-15,22:00:00
M,0,A389746,573,2018-09-09,22:00:00,2018-09-16,22:00:00
M,0,A640105,592,2018-09-09,15:00:00,2018-09-14,15:00:00
M,0,A960446,653,2018-09-09,16:00:00,2018-09-15,16:00:00
M,0,A142682,563,2018-09-10,03:00:00,2018-09-15,03:00:00
M,0,A369011,640,2018-09-10,06:00:00,2018-09-13,06:00:00
M,0,A250216,1055,2018-09-10,13:00:00,2018-09-16,13:00:00
M,0,A454930,1237,2018-09-10,06:00:00,2018-09-17,06:00:00
M,22,A761858,199,2018-09-12,15:00:00,2018-09-16,15:00:00
M,0,A435000,257,2018-09-12,13:00:00,2018-09-16,13:00:00
M,0,A667671,324,2018-09-12,01:00:00,2018-09-16,01:00:00
M,0,A247561,858,2018-09-12,19:00:00,2018-09-14,19:00:00
M,0,A119158,865,2018-09-12,00:00:00,2018-09-17,00:00:00
M,0,A810826,1053,2018-09-12,21:00:00,2018-09-16,21:00:00
M,0,A824547,1130,2018-09-12,20:00:00,2018-09-17,20:00:00
M,0,A141554,197,2018-09-13,01:00:00,2018-09-20,01:00:00
M,0,A613419,253,2018-09-14,10:00:00,2018-09-21,10:00:00
M,0,A414331,383,2018-09-14,04:00:00,2018-09-21,04:00:00
M,0,A052831,754,2018-09-14,03:00:00,2018-09-19,03:00:00
M,0,A389746,815,2018-09-15,11:00:00,2018-09-19,11:00:00
M,0,A213903,873,2018-09-15,00:00:00,2018-09-19,00:00:00
M,0,A096920,1285,2018-09-15,09:00:00,2018-09-18,09:00:00
M,0,A643130,138,2018-09-16,07:00:00,2018-09-20,07:00:00
M,0,A978995,376,2018-09-16,18:00:00,2018-09-19,18:00:00
M,0,A643130,963,2018-09-16,08:00:00,2018-09-22,08:00:00
M,0,A435000,627,2018-09-17,18:00:00,2018-09-18,18:00:00
M,0,A978995,222,2018-09-18,19:00:00,2018-09-25,19:00:00
M,0,A803966,752,2018-09-18,11:00:00,2018-09-23,11:00:00
M,0,A776877,1062,2018-09-18,07:00:00,2018-09-23,07:00:00
M,0,A275989,265,2018-09-19,07:00:00,2018-09-23,07:00:00
M,0,A142682,311,2018-09-19,03:00:00,2018-09-26,03:00:00
M,0,A414331,672,2018-09-19,22:00:00,2018-09-20,22:00:00
M,0,A052831,771,2018-09-19,04:00:00,2018-09-26,04:00:00
M,0,A199141,4,2018-09-20,03:00:00,2018-09-26,03:00:00
M,0,A134831,784,2018-09-20,18:00:00,2018-09-22,18:00:00
M,0,A643130,1262,2018-09-20,12:00:00,2018-09-27,12:00:00
M,0,A960446,1279,2018-09-20,20:00:00,2018-09-23,20:00:00
M,0,A804091,950,2018-09-22,11:00:00,2018-09-26,11:00:00
M,0,A878814,227,2018-09-23,11:00:00,2018-09-26,11:00:00
M,0,A103196,283,2018-09-23,06:00:00,2018-09-30,06:00:00
M,0,A761858,478,2018-09-23,02:00:00,2018-09-24,02:00:00
M,0,A052831,574,2018-09-23,02:00:00,2018-09-26,02:00:00
M,0,A981189,143,2018-09-24,04:00:00,2018-09-25,04:00:00
M,0,A978995,1160,2018-09-24,05:00:00,2018-09-28,05:00:00
M,0,A641981,88,2018-09-25,18:00:00,2018-09-26,18:00:00
M,0,A213903,389,2018-09-25,14:00:00,2018-09-26,14:00:00
M,0,A776877,1240,2018-09-25,11:00:00,2018-09-29,11:00:00
M,0,A640105,779,2018-09-27,00:00:00,2018-09-29,00:00:00
M,0,A093625,996,2018-09-27,09:00:00,2018-10-01,09:00:00
M,0,A501133,1010,2018-09-28,23:00:00,2018-09-30,23:00:00
M,0,A704547,470,2018-09-29,16:00:00,2018-10-05,16:00:00
M,0,A704547,870,2018-09-29,02:00:00,2018-10-03,02:00:00
M,0,A878814,1268,2018-09-29,05:00:00,2018-10-02,05:00:00
M,0,A369011,483,2018-09-30,03:00:00,2018-10-07,03:00:00
M,0,A960446,748,2018-09-30,18:00:00,2018-10-02,18:00:00
M,0,A093625,774,2018-09-30,18:00:00,2018-10-01,18:00:00
M,0,A141554,46,2018-10-01,21:00:00,2018-10-04,21:00:00
M,0,A869227,816,2018-10-01,05:00:00,2018-10-03,05:00:00
M,0,A199141,37,2018-10-02,19:00:00,2018-10-05,19:00:00
M,0,A141554,207,2018-10-02,17:00:00,2018-10-04,17:00:00
M,0,A804091,464,2018-10-02,22:00:00,2018-10-05,22:00:00
M,0,A643130,724,2018-10-02,22:00:00,2018-10-07,22:00:00
M,0,A501133,1132,2018-10-02,02:00:00,2018-10-05,02:00:00
M,0,A230835,1276,2018-10-02,19:00:00,2018-10-05,19:00:00
M,0,A172802,69,2018-10-03,14:00:00,2018-10-05,14:00:00
M,0,A067976,256,2018-10-03,16:00:00,2018-10-04,16:00:00
M,0,A810826,323,2018-10-05,01:00:00,2018-10-08,01:00:00
M,0,A096920,590,2018-10-06,17:00:00,2018-10-13,17:00:00
M,0,A487775,708,2018-10-06,07:00:00,2018-10-09,07:00:00
M,0,A480288,232,2018-10-07,02:00:00,2018-10-08,02:00:00
M,0,A876635,606,2018-10-07,20:00:00,2018-10-09,20:00:00
M,0,A539800,699,2018-10-07,14:00:00,2018-10-08,14:00:00
M,0,A487775,949,2018-10-07,18:00:00,2018-10-13,18:00:00
M,0,A480288,1086,2018-10-08,23:00:00,2018-10-15,23:00:00
M,0,A062058,231,2018-10-09,06:00:00,2018-10-16,06:00:00
M,0,A613419,722,2018-10-10,10:00:00,2018-10-13,10:00:00
M,0,A256189,1076,2018-10-10,20:00:00,2018-10-16,20:00:00
M,0,A487775,1123,2018-10-10,23:00:00,2018-10-15,23:00:00
M,0,A174852,667,2018-10-12,17:00:00,2018-10-14,17:00:00
M,0,A818580,1158,2018-10-12,03:00:00,2018-10-13,03:00:00
M,0,A554305,1223,2018-10-12,16:00:00,2018-10-17,16:00:00
M,0,A818580,193,2018-10-14,10:00:00,2018-10-18,10:00:00
M,0,A049050,454,2018-10-14,00:00:00,2018-10-20,00:00:00
M,0,A137101,899,2018-10-14,15:00:00,2018-10-17,15:00:00
M,0,A876635,97,2018-10-15,06:00:00,2018-10-19,06:00:00
M,0,A785449,123,2018-10-15,00:00:00,2018-10-16,00:00:00
M,0,A261642,776,2018-10-15,00:00:00,2018-10-19,00:00:00
M,0,A682723,866,2018-10-15,08:00:00,2018-10-18,08:00:00
M,0,A667671,213,2018-10-16,06:00:00,2018-10-21,06:00:00
M,0,A137101,289,2018-10-16,09:00:00,2018-10-21,09:00:00
M,0,A364608,102,2018-10-17,19:00:00,2018-10-18,19:00:00
M,0,A876635,150,2018-10-20,19:00:00,2018-10-23,19:00:00
M,0,A435000,544,2018-10-20,08:00:00,2018-10-24,08:00:00
M,0,A137101,1045,2018-10-20,07:00:00,2018-10-21,07:00:00
M,0,A704547,183,2018-10-21,13:00:00,2018-10-27,13:00:00
M,0,A878814,403,2018-10-21,08:00:00,2018-10-22,08:00:00
M,0,A364608,492,2018-10-21,04:00:00,2018-10-23,04:00:00
M,0,A824547,495,2018-10-21,17:00:00,2018-10-27,17:00:00
M,0,A199141,622,2018-10-21,00:00:00,2018-10-27,00:00:00
M,0,A978995,785,2018-10-21,18:00:00,2018-10-22,18:00:00
M,0,A802665,203,2018-10-22,11:00:00,2018-10-28,11:00:00
M,0,A613419,702,2018-10-22,17:00:00,2018-10-25,17:00:00
M,0,A174852,1104,2018-10-22,21:00:00,2018-10-24,21:00:00
M,0,A501133,32,2018-10-23,01:00:00,2018-10-25,01:00:00
M,0,A393383,510,2018-10-24,00:00:00,2018-10-26,00:00:00
M,0,A613419,909,2018-10-24,09:00:00,2018-10-30,09:00:00
M,0,A614816,44,2018-10-25,08:00:00,2018-10-29,08:00:00
M,0,A250216,298,2018-10-25,05:00:00,2018-10-31,05:00:00
M,0,A803966,864,2018-10-25,09:00:00,2018-10-31,09:00:00
M,0,A285837,280,2018-10-26,00:00:00,2018-10-29,00:00:00
M,0,A247561,814,2018-10-26,14:00:00,2018-10-31,14:00:00
M,0,A501133,214,2018-10-27,19:00:00,2018-10-28,19:00:00
M,0,A501133,377,2018-10-27,03:00:00,2018-11-01,03:00:00
M,0,A344771,693,2018-10-27,20:00:00,2018-11-03,20:00:00
M,0,A339402,270,2018-10-28,10:00:00,2018-10-30,10:00:00
M,22,A501133,475,2018-10-28,21:00:00,2018-10-30,21:00:00
M,0,A134831,1264,2018-10-28,02:00:00,2018-11-04,02:00:00
M,0,A348831,146,2018-10-29,22:00:00,2018-11-03,22:00:00
M,0,A501133,546,2018-10-29,21:00:00,2018-11-02,21:00:00
M,0,A824547,890,2018-10-29,23:00:00,2018-10-30,23:00:00
M,0,A682723,1039,2018-10-29,21:00:00,2018-11-04,21:00:00
M,0,A641981,66,2018-10-30,10:00:00,2018-11-05,10:00:00
M,0,A613419,268,2018-10-30,22:00:00,2018-11-04,22:00:00
M,0,A614816,898,2018-10-30,07:00:00,2018-11-04,07:00:00
M,0,A103196,392,2018-10-31,11:00:00,2018-11-03,11:00:00
M,0,A369011,988,2018-10-31,17:00:00,2018-11-05,17:00:00
M,0,A785449,1197,2018-10-31,22:00:00,2018-11-06,22:00:00
M,0,A981189,512,2018-11-01,17:00:00,2018-11-06,17:00:00
M,0,A275989,1282,2018-11-01,01:00:00,2018-11-06,01:00:00
M,0,A461572,586,2018-11-02,17:00:00,2018-11-03,17:00:00
M,0,A119158,697,2018-11-02,22:00:00,2018-11-07,22:00:00
M,0,A661180,982,2018-11-02,21:00:00,2018-11-05,21:00:00
M,0,A869227,1108,2018-11-02,16:00:00,2018-11-08,16:00:00
M,0,A878814,272,2018-11-03,08:00:00,2018-11-08,08:00:00
M,0,A428122,847,2018-11-03,13:00:00,2018-11-08,13:00:00
M,22,A802665,863,2018-11-03,02:00:00,2018-11-09,02:00:00
M,0,A554305,494,2018-11-04,18:00:00,2018-11-10,18:00:00
M,0,A004770,501,2018-11-04,00:00:00,2018-11-07,00:00:00
M,0,A824547,695,2018-11-04,20:00:00,2018-11-05,20:00:00
M,0,A667671,163,2018-11-05,15:00:00,2018-11-12,15:00:00
M,0,A869227,172,2018-11-06,15:00:00,2018-11-12,15:00:00
M,0,A802665,215,2018-11-06,19:00:00,2018-11-08,19:00:00
M,0,A640105,211,2018-11-07,08:00:00,2018-11-12,08:00:00
M,0,A393383,918,2018-11-07,17:00:00,2018-11-11,17:00:00
M,22,A549253,1169,2018-11-08,18:00:00,2018-11-10,18:00:00
M,0,A684658,291,2018-11-09,01:00:00,2018-11-10,01:00:00
M,0,A428122,578,2018-11-09,22:00:00,2018-11-15,22:00:00
M,0,A613419,912,2018-11-09,02:00:00,2018-11-11,02:00:00
M,0,A878814,933,2018-11-10,09:00:00,2018-11-11,09:00:00
M,0,A802665,21,2018-11-11,06:00:00,2018-11-17,06:00:00
M,0,A049050,77,2018-11-11,16:00:00,2018-11-17,16:00:00
M,0,A275989,83,2018-11-12,05:00:00,2018-11-19,05:00:00
M,0,A810826,135,2018-11-12,15:00:00,2018-11-19,15:00:00
M,0,A661180,424,2018-11-12,02:00:00,2018-11-13,02:00:00
M,0,A679179,896,2018-11-13,04:00:00,2018-11-15,04:00:00
M,0,A261642,1275,2018-11-13,04:00:00,2018-11-20,04:00:00
M,0,A339402,156,2018-11-14,20:00:00,2018-11-18,20:00:00
M,0,A802665,827,2018-11-14,22:00:00,2018-11-16,22:00:00
M,0,A172734,908,2018-11-14,06:00:00,2018-11-16,06:00:00
M,0,A643130,1094,2018-11-14,11:00:00,2018-11-15,11:00:00
M,0,A067976,251,2018-11-15,12:00:00,2018-11-21,12:00:00
M,0,A428122,394,2018-11-15,05:00:00,2018-11-17,05:00:00
M,0,A199141,1232,2018-11-15,16:00:00,2018-11-21,16:00:00
M,0,A339402,101,2018-11-16,03:00:00,2018-11-18,03:00:00
M,0,A393383,401,2018-11-16,23:00:00,2018-11-21,23:00:00
M,0,A878814,712,2018-11-16,19:00:00,2018-11-21,19:00:00
M,22,A487775,1154,2018-11-16,04:00:00,2018-11-22,04:00:00
M,0,A978995,176,2018-11-17,00:00:00,2018-11-22,00:00:00
M,0,A487775,236,2018-11-17,06:00:00,2018-11-24,06:00:00
M,0,A344771,1145,2018-11-17,15:00:00,2018-11-24,15:00:00
M,0,A810826,1281,2018-11-17,20:00:00,2018-11-20,20:00:00
M,0,A480288,327,2018-11-18,08:00:00,2018-11-25,08:00:00
M,0,A802665,550,2018-11-18,19:00:00,2018-11-22,19:00:00
M,0,A803966,1109,2018-11-18,06:00:00,2018-11-23,06:00:00
M,0,A981189,422,2018-11-19,08:00:00,2018-11-25,08:00:00
M,0,A363134,1072,2018-11-19,06:00:00,2018-11-26,06:00:00
M,0,A869227,844,2018-11-20,17:00:00,2018-11-22,17:00:00
M,0,A256189,829,2018-11-21,13:00:00,2018-11-28,13:00:00
M,0,A052831,954,2018-11-21,04:00:00,2018-11-25,04:00:00
M,0,A960446,74,2018-11-22,16:00:00,2018-11-24,16:00:00
M,0,A230835,733,2018-11-22,16:00:00,2018-11-24,16:00:00
M,0,A256189,1052,2018-11-22,21:00:00,2018-11-23,21:00:00
M,0,A614816,404,2018-11-23,18:00:00,2018-11-26,18:00:00
M,0,A810826,1087,2018-11-23,10:00:00,2018-11-29,10:00:00
M,0,A353778,305,2018-11-24,13:00:00,2018-11-25,13:00:00
M,0,A256189,319,2018-11-25,13:00:00,2018-12-01,13:00:00
M,0,A062058,655,2018-11-26,18:00:00,2018-12-01,18:00:00
M,0,A818580,1029,2018-11-26,04:00:00,2018-11-30,04:00:00
M,0,A613419,1214,2018-11-26,17:00:00,2018-11-27,17:00:00
M,0,A093625,184,2018-11-27,20:00:00,2018-11-28,20:00:00
M,0,A501133,206,2018-11-27,05:00:00,2018-12-03,05:00:00
M,0,A389746,580,2018-11-27,06:00:00,2018-12-03,06:00:00
M,0,A480288,732,2018-11-27,02:00:00,2018-11-28,02:00:00
M,0,A339402,885,2018-11-27,02:00:00,2018-11-28,02:00:00
M,0,A785449,370,2018-11-28,16:00:00,2018-12-01,16:00:00
M,0,A454930,944,2018-11-28,08:00:00,2018-11-30,08:00:00
M,0,A641981,263,2018-11-30,20:00:00,2018-12-07,20:00:00
M,0,A067976,334,2018-11-30,13:00:00,2018-12-02,13:00:00
M,0,A549253,516,2018-12-02,04:00:00,2018-12-05,04:00:00
M,0,A275989,679,2018-12-02,05:00:00,2018-12-09,05:00:00
M,0,A554305,570,2018-12-03,22:00:00,2018-12-08,22:00:00
M,0,A256189,997,2018-12-03,19:00:00,2018-12-10,19:00:00
M,0,A667671,414,2018-12-04,13:00:00,2018-12-11,13:00:00
M,0,A810826,599,2018-12-04,07:00:00,2018-12-07,07:00:00
M,0,A684658,966,2018-12-04,16:00:00,2018-12-10,16:00:00
M,0,A067976,294,2018-12-05,03:00:00,2018-12-11,03:00:00
M,0,A082120,238,2018-12-06,16:00:00,2018-12-11,16:00:00
M,0,A250216,773,2018-12-06,17:00:00,2018-12-11,17:00:00
M,0,A761858,845,2018-12-06,15:00:00,2018-12-13,15:00:00
M,0,A960446,1212,2018-12-06,18:00:00,2018-12-10,18:00:00
M,0,A261642,1193,2018-12-07,21:00:00,2018-12-13,21:00:00
M,0,A052831,517,2018-12-08,23:00:00,2018-12-10,23:00:00
M,0,A457187,846,2018-12-08,23:00:00,2018-12-14,23:00:00
M,0,A199141,1022,2018-12-08,06:00:00,2018-12-11,06:00:00
M,0,A614816,12,2018-12-10,04:00:00,2018-12-14,04:00:00
M,0,A667671,375,2018-12-10,12:00:00,2018-12-14,12:00:00
M,0,A137101,1137,2018-12-10,16:00:00,2018-12-16,16:00:00
M,0,A461572,1225,2018-12-10,12:00:00,2018-12-15,12:00:00
M,0,A199141,287,2018-12-11,16:00:00,2018-12-13,16:00:00
M,0,A261831,382,2018-12-11,03:00:00,2018-12-14,03:00:00
M,0,A134831,431,2018-12-11,03:00:00,2018-12-16,03:00:00
M,0,A369011,1258,2018-12-11,11:00:00,2018-12-18,11:00:00
M,0,A414331,196,2018-12-12,19:00:00,2018-12-18,19:00:00
M,0,A776877,1016,2018-12-12,03:00:00,2018-12-14,03:00:00
M,0,A554305,882,2018-12-13,02:00:00,2018-12-17,02:00:00
M,0,A981189,977,2018-12-13,12:00:00,2018-12-18,12:00:00
M,0,A480288,148,2018-12-14,23:00:00,2018-12-16,23:00:00
M,0,A554305,266,2018-12-16,00:00:00,2018-12-17,00:00:00
M,0,A261831,1019,2018-12-16,22:00:00,2018-12-17,22:00:00
M,0,A667671,812,2018-12-17,06:00:00,2018-12-23,06:00:00
M,0,A230835,5,2018-12-18,20:00:00,2018-12-24,20:00:00
M,0,A667671,621,2018-12-18,22:00:00,2018-12-25,22:00:00
M,0,A682723,791,2018-12-18,16:00:00,2018-12-20,16:00:00
M,0,A667671,939,2018-12-18,05:00:00,2018-12-19,05:00:00
M,0,A261831,587,2018-12-19,08:00:00,2018-12-23,08:00:00
M,0,A369011,330,2018-12-20,06:00:00,2018-12-26,06:00:00
M,0,A199141,68,2018-12-21,14:00:00,2018-12-25,14:00:00
M,0,A878814,221,2018-12-21,18:00:00,2018-12-28,18:00:00
M,0,A062058,902,2018-12-21,20:00:00,2018-12-27,20:00:00
M,0,A261642,1155,2018-12-21,22:00:00,2018-12-26,22:00:00
M,0,A393383,1206,2018-12-22,19:00:00,2018-12-29,19:00:00
M,0,A549253,234,2018-12-23,04:00:00,2018-12-24,04:00:00
M,0,A247561,1116,2018-12-23,12:00:00,2018-12-29,12:00:00
M,0,A501133,225,2018-12-24,15:00:00,2018-12-28,15:00:00
M,0,A435000,321,2018-12-24,07:00:00,2018-12-25,07:00:00
M,0,A614816,362,2018-12-24,05:00:00,2018-12-28,05:00:00
M,0,A093625,1165,2018-12-24,04:00:00,2018-12-25,04:00:00
M,0,A640105,634,2018-12-27,08:00:00,2018-12-28,08:00:00
M,0,A802665,115,2018-12-28,06:00:00,2019-01-03,06:00:00
M,0,A501133,420,2018-12-28,04:00:00,2019-01-04,04:00:00
M,0,A614816,1006,2018-12-28,00:00:00,2019-01-02,00:00:00
M,0,A661180,416,2018-12-29,20:00:00,2019-01-02,20:00:00
M,22,A067976,881,2018-12-29,03:00:00,2018-12-31,03:00:00
M,0,A614816,1185,2018-12-29,14:00:00,2019-01-05,14:00:00
M,0,A103196,839,2018-12-30,00:00:00,2019-01-03,00:00:00
M,0,A761858,342,2019-01-01,21:00:00,2019-01-05,21:00:00
M,0,A810826,1213,2019-01-01,12:00:00,2019-01-06,12:00:00
M,0,A093625,522,2019-01-02,11:00:00,2019-01-04,11:00:00
M,0,A142682,313,2019-01-03,12:00:00,2019-01-06,12:00:00
M,0,A554305,615,2019-01-03,06:00:00,2019-01-06,06:00:00
M,0,A261831,676,2019-01-03,01:00:00,2019-01-05,01:00:00
M,0,A261831,1170,2019-01-03,15:00:00,2019-01-08,15:00:00
M,0,A049050,137,2019-01-04,18:00:00,2019-01-06,18:00:00
M,0,A172802,874,2019-01-04,01:00:00,2019-01-11,01:00:00
M,0,A199141,1100,2019-01-04,11:00:00,2019-01-08,11:00:00
M,0,A613419,63,2019-01-06,16:00:00,2019-01-07,16:00:00
M,0,A369011,316,2019-01-06,04:00:00,2019-01-07,04:00:00
M,0,A684658,700,2019-01-06,06:00:00,2019-01-11,06:00:00
M,0,A785449,29,2019-01-07,05:00:00,2019-01-12,05:00:00
M,0,A869227,168,2019-01-07,11:00:00,2019-01-11,11:00:00
M,0,A348831,521,2019-01-07,10:00:00,2019-01-09,10:00:00
M,0,A256189,617,2019-01-07,03:00:00,2019-01-10,03:00:00
M,0,A461572,1230,2019-01-07,18:00:00,2019-01-12,18:00:00
M,0,A824547,114,2019-01-08,16:00:00,2019-01-15,16:00:00
M,0,A393383,344,2019-01-08,17:00:00,2019-01-14,17:00:00
M,0,A487775,1235,2019-01-08,00:00:00,2019-01-14,00:00:00
M,0,A776877,402,2019-01-09,02:00:00,2019-01-14,02:00:00
M,0,A640105,638,2019-01-09,02:00:00,2019-01-14,02:00:00
M,0,A667671,832,2019-01-09,21:00:00,2019-01-16,21:00:00
M,0,A062058,45,2019-01-10,04:00:00,2019-01-11,04:00:00
M,0,A142682,54,2019-01-10,03:00:00,2019-01-13,03:00:00
M,0,A172802,707,2019-01-10,14:00:00,2019-01-16,14:00:00
M,0,A213903,826,2019-01-10,10:00:00,2019-01-17,10:00:00
M,0,A119158,960,2019-01-10,02:00:00,2019-01-13,02:00:00
M,0,A682723,547,2019-01-11,01:00:00,2019-01-17,01:00:00
M,0,A824547,433,2019-01-12,09:00:00,2019-01-19,09:00:00
M,0,A363134,482,2019-01-12,21:00:00,2019-01-15,21:00:00
M,0,A256189,778,2019-01-12,19:00:00,2019-01-16,19:00:00
M,0,A199141,991,2019-01-14,18:00:00,2019-01-19,18:00:00
M,0,A049050,1135,2019-01-14,18:00:00,2019-01-17,18:00:00
M,0,A389746,71,2019-01-15,14:00:00,2019-01-20,14:00:00
M,0,A369011,704,2019-01-15,19:00:00,2019-01-22,19:00:00
M,0,A137101,680,2019-01-16,13:00:00,2019-01-18,13:00:00
M,0,A134831,757,2019-01-16,10:00:00,2019-01-19,10:00:00
M,0,A785449,61,2019-01-17,05:00:00,2019-01-24,05:00:00
M,0,A052831,594,2019-01-17,04:00:00,2019-01-22,04:00:00
M,0,A549253,999,2019-01-18,00:00:00,2019-01-22,00:00:00
M,0,A869227,1081,2019-01-18,11:00:00,2019-01-22,11:00:00
M,0,A554305,1261,2019-01-18,15:00:00,2019-01-24,15:00:00
M,0,A785449,124,2019-01-19,20:00:00,2019-01-24,20:00:00
M,0,A067976,226,2019-01-19,13:00:00,2019-01-24,13:00:00
M,0,A435000,635,2019-01-19,08:00:00,2019-01-25,08:00:00
M,0,A978995,705,2019-01-20,02:00:00,2019-01-22,02:00:00
M,0,A554305,192,2019-01-21,20:00:00,2019-01-24,20:00:00
M,0,A213903,368,2019-01-21,22:00:00,2019-01-22,22:00:00
M,0,A869227,1071,2019-01-21,18:00:00,2019-01-25,18:00:00
M,0,A348831,1103,2019-01-21,06:00:00,2019-01-27,06:00:00
M,0,A960446,1251,2019-01-21,14:00:00,2019-01-28,14:00:00
M,0,A876635,224,2019-01-22,08:00:00,2019-01-25,08:00:00
M,0,A285837,353,2019-01-22,21:00:00,2019-01-28,21:00:00
M,22,A037030,408,2019-01-22,01:00:00,2019-01-26,01:00:00
M,0,A199141,1106,2019-01-22,11:00:00,2019-01-23,11:00:00
M,0,A096920,504,2019-01-23,02:00:00,2019-01-26,02:00:00
M,0,A661180,782,2019-01-23,23:00:00,2019-01-29,23:00:00
M,0,A363134,19,2019-01-24,19:00:00,2019-01-31,19:00:00
M,0,A062058,360,2019-01-24,21:00:00,2019-01-28,21:00:00
M,0,A487775,670,2019-01-24,19:00:00,2019-01-26,19:00:00
M,0,A802665,490,2019-01-25,04:00:00,2019-01-30,04:00:00
M,22,A213903,701,2019-01-25,10:00:00,2019-01-31,10:00:00
M,0,A137101,104,2019-01-26,06:00:00,2019-02-02,06:00:00
M,0,A978995,603,2019-01-26,21:00:00,2019-01-31,21:00:00
M,0,A785449,820,2019-01-27,00:00:00,2019-01-30,00:00:00
M,0,A960446,1215,2019-01-27,14:00:00,2019-02-03,14:00:00
M,0,A818580,1146,2019-01-28,06:00:00,2019-02-04,06:00:00
M,0,A261831,1199,2019-01-28,18:00:00,2019-02-04,18:00:00
M,22,A052831,60,2019-01-29,00:00:00,2019-02-05,00:00:00
M,0,A613419,278,2019-01-29,16:00:00,2019-01-31,16:00:00
M,0,A096920,750,2019-01-29,19:00:00,2019-01-31,19:00:00
M,0,A679179,458,2019-01-30,17:00:00,2019-02-02,17:00:00
M,0,A667671,986,2019-01-30,12:00:00,2019-02-06,12:00:00
M,0,A810826,710,2019-01-31,12:00:00,2019-02-03,12:00:00
M,0,A876635,1064,2019-01-31,06:00:00,2019-02-04,06:00:00
M,0,A199141,529,2019-02-01,02:00:00,2019-02-08,02:00:00
M,0,A876635,605,2019-02-02,11:00:00,2019-02-03,11:00:00
M,0,A348831,906,2019-02-02,08:00:00,2019-02-05,08:00:00
M,0,A501133,914,2019-02-02,18:00:00,2019-02-08,18:00:00
M,0,A457187,1080,2019-02-02,02:00:00,2019-02-08,02:00:00
M,0,A818580,53,2019-02-03,22:00:00,2019-02-07,22:00:00
M,0,A878814,260,2019-02-03,12:00:00,2019-02-08,12:00:00
M,0,A554305,514,2019-02-03,19:00:00,2019-02-05,19:00:00
M,0,A261642,1077,2019-02-03,19:00:00,2019-02-08,19:00:00
M,0,A134831,1234,2019-02-03,02:00:00,2019-02-07,02:00:00
M,0,A802665,608,2019-02-04,11:00:00,2019-02-11,11:00:00
M,0,A247561,1090,2019-02-05,14:00:00,2019-02-08,14:00:00
M,0,A096920,942,2019-02-06,15:00:00,2019-02-07,15:00:00
M,0,A876635,972,2019-02-06,03:00:00,2019-02-13,03:00:00
M,0,A704547,11,2019-02-07,08:00:00,2019-02-12,08:00:00
M,0,A364608,649,2019-02-07,21:00:00,2019-02-11,21:00:00
M,22,A549253,639,2019-02-08,17:00:00,2019-02-14,17:00:00
M,0,A172734,82,2019-02-09,21:00:00,2019-02-16,21:00:00
M,0,A067976,181,2019-02-09,22:00:00,2019-02-16,22:00:00
M,0,A802665,530,2019-02-09,17:00:00,2019-02-16,17:00:00
M,0,A761858,746,2019-02-09,10:00:00,2019-02-16,10:00:00
M,0,A761858,927,2019-02-09,09:00:00,2019-02-13,09:00:00
M,0,A103196,1056,2019-02-09,22:00:00,2019-02-12,22:00:00
M,0,A661180,924,2019-02-10,18:00:00,2019-02-11,18:00:00
M,0,A339402,970,2019-02-10,07:00:00,2019-02-15,07:00:00
M,0,A004770,1194,2019-02-11,10:00:00,2019-02-18,10:00:00
M,0,A824547,1238,2019-02-11,10:00:00,2019-02-12,10:00:00
M,0,A261831,809,2019-02-12,15:00:00,2019-02-14,15:00:00
M,0,A067976,488,2019-02-13,05:00:00,2019-02-18,05:00:00
M,0,A613419,797,2019-02-13,09:00:00,2019-02-15,09:00:00
M,0,A869227,164,2019-02-14,07:00:00,2019-02-16,07:00:00
M,0,A067976,451,2019-02-14,09:00:00,2019-02-17,09:00:00
M,0,A501133,1188,2019-02-14,19:00:00,2019-02-16,19:00:00
M,0,A004770,86,2019-02-15,01:00:00,2019-02-20,01:00:00
M,0,A804091,857,2019-02-15,19:00:00,2019-02-20,19:00:00
M,0,A818580,417,2019-02-16,10:00:00,2019-02-19,10:00:00
M,0,A539800,419,2019-02-16,11:00:00,2019-02-23,11:00:00
M,0,A172802,532,2019-02-16,04:00:00,2019-02-22,04:00:00
M,0,A869227,677,2019-02-16,05:00:00,2019-02-19,05:00:00
M,0,A369011,396,2019-02-17,04:00:00,2019-02-19,04:00:00
M,0,A230835,543,2019-02-17,07:00:00,2019-02-19,07:00:00
M,22,A256189,31,2019-02-18,14:00:00,2019-02-21,14:00:00
M,0,A250216,152,2019-02-18,01:00:00,2019-02-25,01:00:00
M,0,A344771,1121,2019-02-18,05:00:00,2019-02-24,05:00:00
M,0,A435000,1177,2019-02-18,17:00:00,2019-02-23,17:00:00
M,0,A172802,799,2019-02-19,00:00:00,2019-02-21,00:00:00
M,0,A810826,907,2019-02-19,14:00:00,2019-02-23,14:00:00
M,0,A776877,994,2019-02-19,18:00:00,2019-02-24,18:00:00
M,0,A134831,1115,2019-02-19,15:00:00,2019-02-21,15:00:00
M,0,A804091,440,2019-02-20,07:00:00,2019-02-27,07:00:00
M,0,A614816,493,2019-02-21,00:00:00,2019-02-23,00:00:00
M,0,A096920,1211,2019-02-21,23:00:00,2019-02-24,23:00:00
M,0,A103196,113,2019-02-22,17:00:00,2019-02-26,17:00:00
M,0,A549253,838,2019-02-23,11:00:00,2019-03-01,11:00:00
M,0,A369011,217,2019-02-24,00:00:00,2019-03-01,00:00:00
M,0,A062058,465,2019-02-25,07:00:00,2019-03-04,07:00:00
M,0,A172802,556,2019-02-25,09:00:00,2019-03-03,09:00:00
M,0,A876635,564,2019-02-25,16:00:00,2019-03-02,16:00:00
M,0,A761858,830,2019-02-25,14:00:00,2019-03-01,14:00:00
M,0,A833208,818,2019-02-26,22:00:00,2019-03-03,22:00:00
M,0,A704547,984,2019-02-26,20:00:00,2019-03-05,20:00:00
M,0,A261831,16,2019-02-27,07:00:00,2019-03-02,07:00:00
M,0,A810826,337,2019-02-27,13:00:00,2019-03-02,13:00:00
M,0,A457187,160,2019-02-28,03:00:00,2019-03-07,03:00:00
M,0,A199141,208,2019-02-28,22:00:00,2019-03-01,22:00:00
M,22,A137101,1162,2019-02-28,17:00:00,2019-03-05,17:00:00
M,0,A776877,127,2019-03-01,15:00:00,2019-03-04,15:00:00
M,0,A363134,1136,2019-03-01,23:00:00,2019-03-04,23:00:00
M,0,A103196,14,2019-03-02,21:00:00,2019-03-05,21:00:00
M,0,A480288,1060,2019-03-02,00:00:00,2019-03-09,00:00:00
M,0,A501133,975,2019-03-03,18:00:00,2019-03-06,18:00:00
M,0,A142682,87,2019-03-04,18:00:00,2019-03-08,18:00:00
M,0,A062058,240,2019-03-04,09:00:00,2019-03-11,09:00:00
M,0,A457187,904,2019-03-04,06:00:00,2019-03-10,06:00:00
M,0,A004770,341,2019-03-05,01:00:00,2019-03-07,01:00:00
M,0,A435000,450,2019-03-05,20:00:00,2019-03-08,20:00:00
M,0,A801425,571,2019-03-05,15:00:00,2019-03-12,15:00:00
M,0,A549253,318,2019-03-06,05:00:00,2019-03-11,05:00:00
M,0,A067976,819,2019-03-07,15:00:00,2019-03-13,15:00:00
M,0,A801425,285,2019-03-08,00:00:00,2019-03-15,00:00:00
M,0,A480288,456,2019-03-08,12:00:00,2019-03-09,12:00:00
M,0,A052831,968,2019-03-08,04:00:00,2019-03-13,04:00:00
M,0,A247561,1189,2019-03-08,04:00:00,2019-03-13,04:00:00
M,0,A067976,43,2019-03-09,00:00:00,2019-03-11,00:00:00
M,0,A454930,131,2019-03-09,06:00:00,2019-03-12,06:00:00
M,0,A363134,471,2019-03-10,03:00:00,2019-03-12,03:00:00
M,0,A256189,983,2019-03-10,20:00:00,2019-03-14,20:00:00
M,0,A037030,1073,2019-03-10,21:00:00,2019-03-12,21:00:00
M,0,A818580,237,2019-03-11,15:00:00,2019-03-13,15:00:00
M,0,A119158,562,2019-03-11,12:00:00,2019-03-16,12:00:00
M,0,A369011,642,2019-03-11,20:00:00,2019-03-16,20:00:00
M,0,A004770,39,2019-03-12,03:00:00,2019-03-19,03:00:00
M,0,A250216,84,2019-03-13,21:00:00,2019-03-17,21:00:00
M,0,A978995,956,2019-03-13,08:00:00,2019-03-19,08:00:00
M,0,A684658,1179,2019-03-13,11:00:00,2019-03-16,11:00:00
M,0,A457187,195,2019-03-14,10:00:00,2019-03-21,10:00:00
M,0,A981189,630,2019-03-14,19:00:00,2019-03-21,19:00:00
M,0,A261831,736,2019-03-14,23:00:00,2019-03-15,23:00:00
M,0,A824547,1156,2019-03-15,20:00:00,2019-03-20,20:00:00
M,0,A824547,378,2019-03-16,04:00:00,2019-03-21,04:00:00
M,0,A684658,548,2019-03-16,09:00:00,2019-03-17,09:00:00
M,0,A539800,725,2019-03-16,21:00:00,2019-03-17,21:00:00
M,0,A981189,1141,2019-03-16,01:00:00,2019-03-18,01:00:00
M,0,A103196,198,2019-03-17,07:00:00,2019-03-22,07:00:00
M,0,A062058,28,2019-03-19,03:00:00,2019-03-20,03:00:00
M,0,A960446,527,2019-03-19,21:00:00,2019-03-24,21:00:00
M,0,A261642,367,2019-03-20,09:00:00,2019-03-24,09:00:00
M,0,A339402,1043,2019-03-20,13:00:00,2019-03-22,13:00:00
M,0,A824547,685,2019-03-21,15:00:00,2019-03-22,15:00:00
M,0,A802665,790,2019-03-21,07:00:00,2019-03-22,07:00:00
M,0,A172734,690,2019-03-22,06:00:00,2019-03-25,06:00:00
M,0,A554305,1051,2019-03-22,04:00:00,2019-03-26,04:00:00
M,0,A142682,423,2019-03-24,01:00:00,2019-03-28,01:00:00
M,0,A067976,925,2019-03-24,06:00:00,2019-03-28,06:00:00
M,0,A684658,10,2019-03-25,09:00:00,2019-03-29,09:00:00
M,0,A364608,800,2019-03-25,14:00:00,2019-03-30,14:00:00
M,0,A435000,428,2019-03-28,02:00:00,2019-03-31,02:00:00
M,0,A369011,534,2019-03-28,12:00:00,2019-03-29,12:00:00
M,0,A119158,596,2019-03-28,06:00:00,2019-04-01,06:00:00
M,0,A339402,1151,2019-03-28,06:00:00,2019-04-01,06:00:00
M,0,A824547,993,2019-03-29,19:00:00,2019-04-01,19:00:00
M,0,A142682,484,2019-03-30,21:00:00,2019-04-05,21:00:00
M,0,A137101,96,2019-03-31,04:00:00,2019-04-03,04:00:00
M,0,A137101,928,2019-03-31,11:00:00,2019-04-05,11:00:00
M,0,A137101,1159,2019-03-31,11:00:00,2019-04-06,11:00:00
M,0,A704547,1207,2019-03-31,00:00:00,2019-04-02,00:00:00
M,0,A876635,288,2019-04-01,01:00:00,2019-04-03,01:00:00
M,0,A614816,856,2019-04-01,19:00:00,2019-04-06,19:00:00
M,0,A082120,1125,2019-04-01,15:00:00,2019-04-02,15:00:00
M,0,A082120,1191,2019-04-03,18:00:00,2019-04-10,18:00:00
M,0,A199141,1263,2019-04-03,19:00:00,2019-04-08,19:00:00
M,0,A801425,167,2019-04-04,14:00:00,2019-04-07,14:00:00
M,0,A614816,929,2019-04-04,06:00:00,2019-04-11,06:00:00
M,0,A285837,1117,2019-04-04,02:00:00,2019-04-08,02:00:00
M,0,A428122,740,2019-04-06,00:00:00,2019-04-12,00:00:00
M,0,A667671,513,2019-04-07,08:00:00,2019-04-08,08:00:00
M,0,A261642,34,2019-04-08,07:00:00,2019-04-11,07:00:00
M,0,A172802,229,2019-04-08,21:00:00,2019-04-13,21:00:00
M,0,A348831,242,2019-04-08,04:00:00,2019-04-15,04:00:00
M,0,A082120,258,2019-04-08,18:00:00,2019-04-09,18:00:00
M,0,A818580,363,2019-04-08,23:00:00,2019-04-09,23:00:00
M,0,A704547,1067,2019-04-08,06:00:00,2019-04-14,06:00:00
M,0,A339402,473,2019-04-09,22:00:00,2019-04-14,22:00:00
M,0,A960446,1088,2019-04-09,12:00:00,2019-04-14,12:00:00
M,0,A275989,120,2019-04-10,14:00:00,2019-04-12,14:00:00
M,0,A428122,169,2019-04-10,12:00:00,2019-04-17,12:00:00
M,0,A052831,281,2019-04-10,08:00:00,2019-04-14,08:00:00
M,0,A667671,106,2019-04-11,14:00:00,2019-04-13,14:00:00
M,0,A369011,442,2019-04-11,01:00:00,2019-04-13,01:00:00
M,0,A213903,948,2019-04-13,08:00:00,2019-04-16,08:00:00
M,0,A614816,205,2019-04-14,17:00:00,2019-04-15,17:00:00
M,0,A802665,1181,2019-04-14,21:00:00,2019-04-16,21:00:00
M,0,A761858,261,2019-04-15,04:00:00,2019-04-18,04:00:00
M,0,A501133,1033,2019-04-15,21:00:00,2019-04-17,21:00:00
M,0,A172734,175,2019-04-16,15:00:00,2019-04-18,15:00:00
M,0,A824547,271,2019-04-16,21:00:00,2019-04-23,21:00:00
M,0,A613419,764,2019-04-16,18:00:00,2019-04-17,18:00:00
M,0,A776877,788,2019-04-16,17:00:00,2019-04-23,17:00:00
M,0,A803966,889,2019-04-16,12:00:00,2019-04-18,12:00:00
M,0,A876635,910,2019-04-17,01:00:00,2019-04-18,01:00:00
M,0,A344771,1168,2019-04-17,13:00:00,2019-04-22,13:00:00
M,0,A339402,597,2019-04-18,00:00:00,2019-04-19,00:00:00
M,0,A878814,930,2019-04-18,17:00:00,2019-04-19,17:00:00
M,0,A247561,985,2019-04-18,07:00:00,2019-04-21,07:00:00
M,0,A801425,357,2019-04-19,23:00:00,2019-04-22,23:00:00
M,0,A389746,940,2019-04-19,16:00:00,2019-04-22,16:00:00
M,0,A435000,1236,2019-04-19,13:00:00,2019-04-22,13:00:00
M,0,A142682,769,2019-04-20,12:00:00,2019-04-22,12:00:00
M,0,A142682,1218,2019-04-20,02:00:00,2019-04-22,02:00:00
M,0,A614816,338,2019-04-21,17:00:00,2019-04-27,17:00:00
M,0,A285837,439,2019-04-21,06:00:00,2019-04-26,06:00:00
M,0,A172802,1082,2019-04-21,12:00:00,2019-04-22,12:00:00
M,0,A344771,867,2019-04-22,09:00:00,2019-04-23,09:00:00
M,0,A435000,1075,2019-04-22,12:00:00,2019-04-23,12:00:00
M,0,A172802,758,2019-04-23,00:00:00,2019-04-26,00:00:00
M,0,A004770,1204,2019-04-23,00:00:00,2019-04-27,00:00:00
M,0,A344771,42,2019-04-24,12:00:00,2019-04-25,12:00:00
M,0,A174852,76,2019-04-24,22:00:00,2019-04-25,22:00:00
M,0,A501133,566,2019-04-24,12:00:00,2019-04-30,12:00:00
M,0,A435000,1107,2019-04-25,01:00:00,2019-04-26,01:00:00
M,0,A230835,194,2019-04-26,20:00:00,2019-05-01,20:00:00
M,0,A353778,804,2019-04-26,20:00:00,2019-04-30,20:00:00
M,22,A960446,886,2019-04-26,12:00:00,2019-05-02,12:00:00
M,0,A096920,20,2019-04-27,13:00:00,2019-04-29,13:00:00
M,0,A824547,426,2019-04-27,11:00:00,2019-05-04,11:00:00
M,0,A614816,878,2019-04-27,13:00:00,2019-05-02,13:00:00
M,0,A804091,1031,2019-04-27,00:00:00,2019-05-03,00:00:00
M,0,A172802,1202,2019-04-27,21:00:00,2019-05-03,21:00:00
M,0,A641981,391,2019-04-28,11:00:00,2019-05-01,11:00:00
M,0,A960446,632,2019-04-28,09:00:00,2019-05-04,09:00:00
M,0,A339402,122,2019-04-29,20:00:00,2019-05-03,20:00:00
M,0,A802665,500,2019-04-29,00:00:00,2019-05-01,00:00:00
M,0,A142682,1265,2019-04-29,15:00:00,2019-04-30,15:00:00
M,0,A275989,507,2019-04-30,14:00:00,2019-05-03,14:00:00
M,0,A364608,1046,2019-04-30,04:00:00,2019-05-02,04:00:00
M,0,A082120,1239,2019-04-30,10:00:00,2019-05-06,10:00:00
M,0,A833208,51,2019-05-01,05:00:00,2019-05-06,05:00:00
M,0,A261831,485,2019-05-01,19:00:00,2019-05-07,19:00:00
M,0,A978995,165,2019-05-02,09:00:00,2019-05-03,09:00:00
M,0,A093625,348,2019-05-02,09:00:00,2019-05-04,09:00:00
M,0,A093625,359,2019-05-02,10:00:00,2019-05-04,10:00:00
M,0,A684658,658,2019-05-02,19:00:00,2019-05-09,19:00:00
M,0,A172802,678,2019-05-02,06:00:00,2019-05-09,06:00:00
M,0,A082120,689,2019-05-02,13:00:00,2019-05-09,13:00:00
M,0,A461572,65,2019-05-03,21:00:00,2019-05-09,21:00:00
M,0,A363134,435,2019-05-03,00:00:00,2019-05-06,00:00:00
M,0,A004770,437,2019-05-03,01:00:00,2019-05-04,01:00:00
M,0,A250216,297,2019-05-04,07:00:00,2019-05-06,07:00:00
M,0,A067976,385,2019-05-04,17:00:00,2019-05-06,17:00:00
M,0,A461572,568,2019-05-04,20:00:00,2019-05-11,20:00:00
M,0,A833208,723,2019-05-04,08:00:00,2019-05-07,08:00:00
M,0,A833208,276,2019-05-05,21:00:00,2019-05-06,21:00:00
M,0,A363134,443,2019-05-05,15:00:00,2019-05-07,15:00:00
M,0,A172802,663,2019-05-05,10:00:00,2019-05-09,10:00:00
M,0,A679179,545,2019-05-06,20:00:00,2019-05-13,20:00:00
M,0,A667671,1245,2019-05-06,02:00:00,2019-05-11,02:00:00
M,0,A414331,476,2019-05-07,04:00:00,2019-05-08,04:00:00
M,0,A082120,600,2019-05-07,12:00:00,2019-05-10,12:00:00
M,0,A487775,1231,2019-05-09,18:00:00,2019-05-10,18:00:00
M,0,A978995,67,2019-05-10,03:00:00,2019-05-11,03:00:00
M,0,A679179,209,2019-05-10,23:00:00,2019-05-15,23:00:00
M,0,A704547,216,2019-05-11,07:00:00,2019-05-14,07:00:00
M,0,A435000,1112,2019-05-11,22:00:00,2019-05-18,22:00:00
M,0,A142682,244,2019-05-12,17:00:00,2019-05-13,17:00:00
M,0,A103196,354,2019-05-12,09:00:00,2019-05-19,09:00:00
M,0,A428122,674,2019-05-12,02:00:00,2019-05-16,02:00:00
M,0,A172802,721,2019-05-12,19:00:00,2019-05-17,19:00:00
M,0,A067976,883,2019-05-13,07:00:00,2019-05-16,07:00:00
M,0,A480288,945,2019-05-13,20:00:00,2019-05-19,20:00:00
M,0,A119158,139,2019-05-14,05:00:00,2019-05-18,05:00:00
M,0,A082120,802,2019-05-14,23:00:00,2019-05-19,23:00:00
M,0,A554305,1091,2019-05-14,07:00:00,2019-05-21,07:00:00
M,0,A037030,1280,2019-05-14,09:00:00,2019-05-16,09:00:00
M,0,A761858,312,2019-05-15,16:00:00,2019-05-22,16:00:00
M,0,A082120,659,2019-05-15,05:00:00,2019-05-20,05:00:00
M,0,A348831,1009,2019-05-15,15:00:00,2019-05-19,15:00:00
M,0,A802665,652,2019-05-16,19:00:00,2019-05-17,19:00:00
M,0,A435000,737,2019-05-16,18:00:00,2019-05-23,18:00:00
M,0,A824547,1049,2019-05-16,08:00:00,2019-05-22,08:00:00
M,0,A801425,1092,2019-05-16,20:00:00,2019-05-20,20:00:00
M,0,A869227,190,2019-05-17,13:00:00,2019-05-24,13:00:00
M,0,A824547,1142,2019-05-17,22:00:00,2019-05-22,22:00:00
M,0,A004770,511,2019-05-18,08:00:00,2019-05-25,08:00:00
M,0,A174852,798,2019-05-18,02:00:00,2019-05-23,02:00:00
M,0,A004770,803,2019-05-18,07:00:00,2019-05-22,07:00:00
M,0,A679179,936,2019-05-18,19:00:00,2019-05-21,19:00:00
M,0,A960446,174,2019-05-19,03:00:00,2019-05-23,03:00:00
M,0,A393383,753,2019-05-19,16:00:00,2019-05-20,16:00:00
M,0,A082120,955,2019-05-19,00:00:00,2019-05-20,00:00:00
M,0,A093625,584,2019-05-20,09:00:00,2019-05-26,09:00:00
M,0,A613419,1074,2019-05-20,19:00:00,2019-05-23,19:00:00
M,0,A230835,255,2019-05-21,10:00:00,2019-05-26,10:00:00
M,0,A833208,848,2019-05-21,21:00:00,2019-05-22,21:00:00
M,0,A067976,964,2019-05-21,00:00:00,2019-05-24,00:00:00
M,0,A614816,498,2019-05-22,15:00:00,2019-05-23,15:00:00
M,0,A348831,541,2019-05-22,00:00:00,2019-05-24,00:00:00
M,0,A369011,626,2019-05-22,11:00:00,2019-05-28,11:00:00
M,0,A667671,560,2019-05-23,20:00:00,2019-05-29,20:00:00
M,0,A613419,751,2019-05-24,12:00:00,2019-05-26,12:00:00
M,22,A824547,1233,2019-05-24,22:00:00,2019-05-27,22:00:00
M,0,A661180,549,2019-05-26,13:00:00,2019-05-27,13:00:00
M,0,A096920,579,2019-05-26,07:00:00,2019-05-28,07:00:00
M,0,A119158,79,2019-05-27,18:00:00,2019-06-03,18:00:00
M,0,A049050,307,2019-05-27,17:00:00,2019-06-02,17:00:00
M,0,A435000,893,2019-05-27,18:00:00,2019-05-28,18:00:00
M,0,A174852,145,2019-05-28,08:00:00,2019-05-31,08:00:00
M,0,A682723,277,2019-05-28,02:00:00,2019-06-02,02:00:00
M,0,A199141,762,2019-05-29,08:00:00,2019-05-31,08:00:00
M,0,A137101,89,2019-05-30,23:00:00,2019-06-03,23:00:00
M,0,A539800,624,2019-05-30,02:00:00,2019-06-06,02:00:00
M,0,A261642,1070,2019-05-30,19:00:00,2019-06-02,19:00:00
M,0,A435000,134,2019-05-31,10:00:00,2019-06-03,10:00:00
M,0,A803966,295,2019-05-31,19:00:00,2019-06-06,19:00:00
M,0,A174852,859,2019-05-31,15:00:00,2019-06-02,15:00:00
M,0,A878814,1217,2019-05-31,12:00:00,2019-06-02,12:00:00
M,0,A004770,144,2019-06-01,18:00:00,2019-06-08,18:00:00
M,22,A818580,412,2019-06-01,07:00:00,2019-06-02,07:00:00
M,0,A539800,448,2019-06-02,14:00:00,2019-06-08,14:00:00
M,0,A339402,459,2019-06-02,12:00:00,2019-06-06,12:00:00
M,0,A275989,1187,2019-06-02,04:00:00,2019-06-06,04:00:00
M,0,A454930,24,2019-06-03,02:00:00,2019-06-09,02:00:00
M,0,A134831,157,2019-06-03,21:00:00,2019-06-09,21:00:00
M,0,A275989,374,2019-06-03,10:00:00,2019-06-06,10:00:00
M,0,A501133,552,2019-06-04,00:00:00,2019-06-11,00:00:00
M,0,A247561,688,2019-06-04,18:00:00,2019-06-10,18:00:00
M,0,A761858,931,2019-06-04,18:00:00,2019-06-05,18:00:00
M,0,A684658,201,2019-06-05,10:00:00,2019-06-06,10:00:00
M,0,A093625,1024,2019-06-05,00:00:00,2019-06-10,00:00:00
M,0,A256189,692,2019-06-06,07:00:00,2019-06-12,07:00:00
M,0,A141554,767,2019-06-06,12:00:00,2019-06-07,12:00:00
M,0,A435000,1271,2019-06-06,13:00:00,2019-06-10,13:00:00
M,0,A549253,497,2019-06-07,04:00:00,2019-06-12,04:00:00
M,0,A172734,487,2019-06-08,04:00:00,2019-06-13,04:00:00
M,0,A661180,468,2019-06-09,15:00:00,2019-06-13,15:00:00
M,0,A141554,108,2019-06-11,01:00:00,2019-06-16,01:00:00
M,0,A389746,314,2019-06-11,19:00:00,2019-06-16,19:00:00
M,0,A878814,614,2019-06-11,08:00:00,2019-06-17,08:00:00
M,0,A487775,1272,2019-06-12,10:00:00,2019-06-17,10:00:00
M,0,A174852,80,2019-06-13,16:00:00,2019-06-20,16:00:00
M,0,A049050,233,2019-06-13,20:00:00,2019-06-17,20:00:00
M,0,A802665,1166,2019-06-13,01:00:00,2019-06-15,01:00:00
M,0,A539800,162,2019-06-14,08:00:00,2019-06-15,08:00:00
M,0,A613419,1021,2019-06-14,07:00:00,2019-06-19,07:00:00
M,0,A353778,388,2019-06-15,22:00:00,2019-06-17,22:00:00
M,0,A878814,438,2019-06-15,12:00:00,2019-06-18,12:00:00
M,0,A761858,618,2019-06-15,17:00:00,2019-06-21,17:00:00
M,0,A876635,1144,2019-06-15,00:00:00,2019-06-16,00:00:00
M,0,A960446,719,2019-06-16,04:00:00,2019-06-17,04:00:00
M,0,A876635,1093,2019-06-16,05:00:00,2019-06-18,05:00:00
M,0,A363134,651,2019-06-17,15:00:00,2019-06-22,15:00:00
M,0,A824547,731,2019-06-17,05:00:00,2019-06-21,05:00:00
M,0,A960446,775,2019-06-17,01:00:00,2019-06-20,01:00:00
M,0,A062058,1216,2019-06-17,15:00:00,2019-06-24,15:00:00
M,0,A613419,36,2019-06-18,06:00:00,2019-06-20,06:00:00
M,0,A457187,303,2019-06-18,05:00:00,2019-06-23,05:00:00
M,0,A833208,1018,2019-06-18,22:00:00,2019-06-25,22:00:00
M,0,A103196,1098,2019-06-18,09:00:00,2019-06-22,09:00:00
M,0,A803966,62,2019-06-19,03:00:00,2019-06-24,03:00:00
M,0,A348831,230,2019-06-19,05:00:00,2019-06-26,05:00:00
M,0,A067976,880,2019-06-19,17:00:00,2019-06-23,17:00:00
M,0,A082120,952,2019-06-19,19:00:00,2019-06-24,19:00:00
M,0,A878814,154,2019-06-20,23:00:00,2019-06-22,23:00:00
M,0,A428122,1219,2019-06-20,18:00:00,2019-06-27,18:00:00
M,0,A833208,94,2019-06-21,02:00:00,2019-06-28,02:00:00
M,0,A554305,274,2019-06-21,20:00:00,2019-06-22,20:00:00
M,0,A119158,917,2019-06-21,19:00:00,2019-06-25,19:00:00
M,0,A369011,25,2019-06-22,09:00:00,2019-06-25,09:00:00
M,0,A096920,38,2019-06-22,09:00:00,2019-06-25,09:00:00
M,0,A174852,852,2019-06-22,16:00:00,2019-06-27,16:00:00
M,0,A801425,894,2019-06-22,23:00:00,2019-06-28,23:00:00
